DRIVER
  os.environ['SMA_TSO_COSMOS_ELEMAT'] = '1'
  driver.registerSaveRule( UpdateRules.COPY, CheckPoints.ITER_COMPLETE, EventTimes.LAST, [ '*.ste*' ], 'SAVE.ste', '' )
  driver.registerSaveRule( UpdateRules.COPY, CheckPoints.ITER_COMPLETE, EventTimes.LAST, [ '*.lcd*' ], 'SAVE.ste', '' )
  driver.registerSaveRule( UpdateRules.COPY, CheckPoints.ITER_COMPLETE, EventTimes.LAST, [ '*.lcm*' ], 'SAVE.ste', '' )
END_

FEM_INPUT
  ID_NAME = Thigh_Lift-10-14-25_Top_Study_1
  FILE = Thigh Lift-10-14-25 Top Study.NOD
END_

*SET_DB,rint,130,1

GROUP_DEF
  ID_NAME = FROZEN_AREA_ELEMS_GRP_1
  TYPE=ELEM
  FORMAT=LIST
  LIST_BEGIN
80,198,1982,1983,1984,1985,3455,3475,3481,3486,4285,4292,4304,4316,4324,4325,4326,4327,6405,
6406,6407,6408,6409,6410,7228,7232,7234,7249,7267,7284,7325,7353,8234,8241,8250,8254,8270,
8283,8371,8415,9830,9845,9861,9942,9943,9944,9946,10853,10866,10869,10886,10901,10919,10921,
10948,10977,10982,10983,10986,10988,10989,10998,11462,11472,11473,11474,11475,11476,11538,
11540,11541,11542,11543,11589,11590,12527,12528,12529,12530,12531,12552,12558,12560,12561,
13101,13111,13159,13161,13268,13311,13497,13499,13620,13637,13658,13663,13677,13702,13731,
13831,13834,14181,14310,14586,14597,14619,14629,14654,16356,16496,16497,16498,16499,16500,
16727,16728,16732,16733,16737,16738,16968,16969,16970,17332,17431,17437,17439,17525,18279,
18283,18286,18289,18294,18298,18299,18300,18309,18381,18459,18465,18663,18664,18667,18813,
18814,19057,19193,19558,19578,19610,19630,19651,19656,19660,19662,19672,19726,19729,19736,
19737,19747,19754,19757,19792,19805,19809,19812,19815,19816,19822,19870,19891,19895,19897,
19963,19996,20000,20005,20006,20011,20015,20026,20029,20040,20043,20046,20058,20077,20083,
20088,20148,20503,20673,20981,20991,20994,21001,21006,21008,21013,21016,21020,21021,21025,
21032,21033,21040,21428,21789,21813,21817,21818,22040,22663,22668,22671,22672,22673,22679,
23499,23501,23503,23504,23508,23509,23510,23511,23512,23513,23664,23665,23667,23670,23675,
23676,23678,23679,23686,23688,23691,23692,23697,23698,23702,23703,23938,23942,24322,24326,
24734,24735,24736,24737,24741,24743,24745,24746,26101,26134,26246,26263,26376,26377,26379,
26380,26383,26883,26885,26888,26891,27496,27497,27500,27501,27508,27601,27743,27754,27756,
27758,27814,27869,27873,27876,28702,28707,28714,28715,28716,28717,28721,28723,28741,28742,
28743,28754,28788,28789,28793,28801,28804,28805,28808,28860,28864,28871,28877,28879,28882,
28883,28885,28886,28888,28902,28903,28904,28908,28909,28910,28911,28914,28922,28924,28926,
29114,29662,29664,29665,29667,29741,29744,29748,29750,29754,29755,29756,29757,29758,29764,
29765,29766,29768,29771,29775,29777,29783,29786,29789,29793,29795,29796,29797,30526,30527,
30532,30533,30537,31075,31076,31077,31078,31079,31484,31485,31486,31488,31489,31491,31548,
31549,31551,31563,31568,31574,31576,31604,31609,31610,31612,31876,31877,31879,31880,31882,
31885,31886,31887,31888,31891,31894,31896,31900,31901,31902,31903,31904,32091,32240,32241,
32243,32421,32422,32423,32424,32425,32426,32661,32662,32664,32665,32666,32668,32671,32672,
33464,33466,33468,33469,34207,34253,34281,34344,34377,34479,34483,34487,34489,34490,34493,
34494,34496,34589,34646,34677,34702,34749,34757,34839,34840,34841,34842,34932,34936,34939,
35027,35039,35043,35095,35097,35125,35161,35173,35317,35318,35320,35322,35325,35326,35327,
35329,35502,35507,35585,35587,35589,35592,35593,35689,35700,35709,35710,35711,35726,35727,
35730,35733,35738,35759,35789,35790,35791,35792,35795,35796,35808,36108,36111,36379,36382,
36385,36389,36391,36394,36397,36401,36405,36561,36564,37627,37629,37630,37633,37832,37839,
37846,37951,37952,37954,37955,37956,37957,37960,37961,38036,38037,38041,38044,38047,38933,
38935,38937,38942,38946,38948,38949,38950,39080,39081,39084,39087,39089,39090,39680,39712,
39716,39717,39719,39860,39873,39911,39926,39948,39951,39972,40077,40093,40170,40190,40194,
40221,40273,40304,40562,40563,40568,40569,40570,40571,40573,40842,41363,41369,41371,41373,
41393,41394,41395,41401,41435,41436,41437,41439,41505,41511,41512,41516,41527,42002,42004,
42006,42007,42016,42029,42033,42034,43397,43398,43399,43401,43402,43404,43405,43409,43410,
43411,43415,43422,43539,44251,44994,45013,45014,45017,45089,45105,45242,45417,45716,45717,
45728,45731,45737,45769,45773,45775,45777,45784,46054,46061,46066,46067,46073,46074,46076,
46078,46081,46084,46086,46088,46091,46095,46096,46098,46310,46311,46316,46319,46323,46341,
46347,46351,46352,46353,46356,46357,46358,46359,46360,46366,46367,46368,46369,46386,46401,
46402,46413,46420,46427,46444,46452,46453,46454,46529,46629,46742,46744,46750,46751,46753,
46755,46756,46791,46792,46796,46797,46798,46837,46838,46840,46841,46842,46848,46849,46853,
46854,46855,46860,46863,46883,46892,47325,47326,47329,47330,47785,47791,47793,47889,47996,
47997,48003,48007,48040,48041,48042,48043,48046,48047,48048,48050,48054,48056,48059,48063,
48067,48068,48069,48071,48072,48075,48076,48514,48519,48521,48523,48524,48626,48627,48628,
48630,48631,49589,49632,49729,49730,49734,49803,49804,49807,49809,49810,49813,49830,49831,
49833,49839,49842,49851,49852,49861,50207,50208,50210,50414,50416,50418,50465,50467,50476,
50478,50480,50483,50487,50490,50498,50507,50525,50559,50563,50565,50660,51017,51020,51022,
51229,51231,51232,51233,51236,51237,51574,51579,51580,51586,51591,51598,51663,51667,51669,
51932,51935,51937,51942,51943,51945,52013,52019,52020,52140,52141,52144,52146,52148,52699,
52706,52707,52710,52927,52928,52930,52935,52940,52941,52942,52943,53344,53346,53347,53349,
53350,53497,53746,53747,53748,53749,53753,53756,53762,53777,53782,53783,54253,54255,54256,
54257,54319,54332,54335,54336,54341,54342,54360,54393,54397,54400,54406,54407,54408,54409,
54411,54482,54486,54734,54735,54801,55122,55126,55127,55502,55503,55504,55506,55507,55508,
55509,55510,55511,55512,55514,55541,55543,55544,56264,56265,56268,56272,56280,56286,56291,
56292,56293,56487,56488,56501,56516,56539,56556,57312,57313,57314,57315,57316,57317,57338,
57339,57341,57344,57347,57356,57362,57363,57412,57417,57421,57702,57705,57707,57708,58542,
58543,58544,58545,60248,60280,60282,60285,60353,60355,60356,60357,60367,60368,60540,60546,
60549,61152,61153,61154,61155,61157,61346,61347,61348,61349,61350,61353,61354,61650,61651,
61652,61653,61654,61989,62063,62267,62271,62272,62353,62599,62601,62602,62603,62604,62605,
62606,62608,62609,62613,62614,62615,62616,62618,62634,62637,62638,62639,62650,62658,62659,
62665,62679,62680,62681,62683,62684,62686,62689,62970,62971,62972,62973,62974,62975,62976,
63091,63092,63094,63105,63108,63109,63111,63112,63113,63114,63115,63116,63162,63186,63213,
63293,63354,63882,64536,64539,64595,64596,64599,64600,64793,64796,64797,64798,64799,64800,
64801,64803,64804,64806,64807,64828,64830,64839,64844,64857,64863,64895,64907,64915,64916,
65571,65572,65574,65575,65576,65577,65578,65663,65703,65704,65705,65706,65707,65708,65742,
65810,65812,65813,65814,65815,65817,65820,65822,66385,66454,66469,66470,66473,66493,66517,
66670,66674,66676,66795,66798,66947,67131,67132,67134,67135,67137,67229,67642,67861,67863,
67864,67897,67898,67899,67900,67994,67995,67996,67998,68000,68001,68002,68003,68020,68443,
68445,68573,68638,68639,68640,68642,68643,68645,68646,68647,68649,68650,68652,68758,68809,
68844,68872,68983,68984,68989,68992,69106,69108,69109,69114,69115,69116,69117,69424,69425,
69426,69427,69428,69475,69477,69982,69983,69989,69990,69993,69994,69995,69996,69997,69998,
70031,70428,70523,70524,70525,70526,70527,70528,70596,70597,70598,70600,70601,70751,70763,
70764,70773,70774,70965,70970,70986,70993,70995,71396,71470,71696,71698,71704,71706,71708,
71709,71710,72009,72010,72012,72013,72016,72018,72025,72026,72027,72093,72123,72395,72397,
72398,72399,72671,72672,72673,72674,72677,73075,73076,73080,73089,73090,73092,73099,73104,
73105,73116,73117,73121,73125,73345,73346,73347,73448,73499,73517,73523,73525,73572,73603,
73608,73609,73611,73612,73613,73614,73616,73618,73620,73621,73622,73625,73626,73627,74190,
74197,74198,74199,74202,74217,74218,74222,74224,74337,74338,74339,74341,74342,74343,74347,
74350,74353,74414,74416,74418,74419,74422,74427,74433,74434,74435,74595,74596,74602,74767,
74768,74769,74771,74773,74776,74777,74919,75032,75033,75035,75036,75061,75062,75064,75381,
75451,75454,75455,75457,75458,75460,75461,75463,75489,75490,75492,75499,75758,75759,75760,
75762,75763,76194,76700,76702,76703,76704,76705,76992,76993,76994,77001,77002,77003,77004,
77005,78115,78116,78437,78438,78582,78618,78720,78721,78722,78723,78724,78725,78726,78840,
78847,78883,78918,78919,78920,78921,78971,79090,79320,79321,79938,80552,80739,80836,81047,
81959,82242,82403,82405,82466,82637,82638,82640,83699,83700,83701,83879,83880,83881,83882,
83883,83884,84047,84048,84049,84050,84051,84162,84164,84165,84166,84172,84175,84184,84594,
84952,84954,85248,85249,85250,85252,85253,85254,85255,85657,85659,85815,86033,86071,86072,
86105,86107,86109,86674,87188,87197,88007,88008,88009,88010,88011,88012,88013,88285,88286,
88291,88292,88294,88295,88471,88472,88473,88669,88711,88734,88769,88808,88874,88877,88883,
88884,88885,88886,88946,88990,88994,89216,89362,89448,89449,89451,89452,89453,89454,89715,
89716,89793,89838,90494,90640,90641,90642,90643,90644,90645,90646,90849,91208,91209,91210,
91211,91212,91213,91458,91459,91460,91862,91867,91937,91938,91940,91942,91944,91945,92461,
92467,92562,92564,92565,92567,92568,92569,92570,92571,92572,92631,92632,92633,92634,92635,
92636,92637,92757,92760,92762,92782,93116,93117,93119,93120,93121,93122,93123,93124,93125,
93188,93191,93207,93210,93211,93212,93474,93621,93623,93624,93625,93626,93754,93755,93756,
93757,93758,93759,93760,93761,93762,93763,93798,93800,93802,93903,94123,94125,94127,94128,
94130,94131,94132,94319,94321,94352,94353,94354,94416,94417,94421,94424,94428,94429,94437,
94471,94472,94560,94567,94576,94579,94582,94583,94606,94607,94608,94609,94611,94612,94613,
94614,94616,94690,94691,94795,94796,94797,94887,94888,94890,95040,95044,95045,95134,95287,
95288,95289,95290,95291,95292,95293,95304,95305,95307,95308,95309,95385,95550,95551,95552,
95553,95554,95555,95556,95557,95558,95559,95734,95737,95740,95741,95804,95840,95842,95843,
95844,95845,95846,95847,95935,96088,96090,96092,96093,96094,96180,96181,96182,96183,96184,
96185,96186,96187,96188,96373,96374,96375,96377,96442,96443,96444,96445,96446,96447,96449,
96450,96526,96533,96535,96552,96567,96568,96756,96871,96872,96873,96874,96877,96878,96960,
96961,97061,97062,97063,97064,97065,97066,97067,97104,97173,97174,97175,97267
END_

GROUP_DEF
  ID_NAME = FROZEN_AREA_ELEMS_GRP_2
  TYPE=ELEM
  FORMAT=LIST
  LIST_BEGIN
49,101,328,454,601,620,635,702,848,1054,1061,1096,1123,1138,1189,1193,1371,1390,1395,1436,
1465,1468,1470,1480,1495,1513,1529,1533,1547,1841,2438,2573,2589,2592,2599,2601,2614,2757,
2882,2922,2939,2942,3345,3346,3347,3348,3349,3350,3483,3504,4278,4279,4280,4281,4282,4654,
4709,4730,4896,5307,5326,5343,5377,5434,5599,5604,5614,5624,5645,5647,5688,5766,5789,5800,
5838,5847,5884,5897,5910,5922,6039,6040,6041,6042,6043,6045,6046,6092,6093,6096,6492,6512,
6539,6552,6553,6579,7969,7978,7983,7986,8035,8194,8429,8431,8442,8462,8483,8954,9132,9133,
9135,9136,9316,9465,9468,9469,9494,9553,9649,9667,9684,9698,9704,9715,9736,9756,9786,9799,
9810,10170,10201,10233,10235,10433,10627,10634,10648,10649,10650,10651,10652,10653,10661,10674,
10707,11143,11144,11146,11147,11177,11178,11179,11181,11182,11184,11386,12054,12056,12058,
12059,12130,12131,12132,12133,12134,12135,12136,12242,12243,12244,12245,12246,12247,12264,
12265,12266,12267,12269,12270,12593,12594,12597,12598,12599,12600,12601,12602,12618,12622,
12625,12628,12656,12660,12664,12666,12702,12868,13032,13147,13148,13149,13150,13151,13431,
13434,13437,13445,13448,13449,13450,13451,13452,13453,13454,13455,13457,13468,13473,13482,
13514,13530,13545,13546,13580,13619,13803,13811,15955,15956,15959,15960,15967,15973,15974,
15991,15998,16011,16012,16095,16097,16100,16102,16103,16104,16108,16245,16261,16318,16409,
16410,16411,16412,16416,16420,16423,16475,16927,17140,17154,17160,17165,17369,17370,17371,
17373,17378,17381,17899,17904,17938,17944,18424,18427,18429,18430,18431,18433,18434,19020,
19022,19024,19026,19027,19028,19030,19036,19044,19046,19049,19061,19063,19071,19080,19084,
19088,19089,19096,19116,19117,19122,19126,19137,19138,19142,19175,19180,19182,19194,19198,
19199,19201,19202,19215,19219,19224,19225,19226,19228,19239,19240,19242,19258,19263,19268,
19269,19272,19274,19276,19285,19292,19295,19298,19299,19300,19301,19302,19303,19307,19308,
19313,19314,19315,19319,19320,19356,19395,19396,19401,19406,19412,19415,19425,19427,19428,
19429,19432,19433,19435,19439,19452,19453,19454,19462,19483,19485,19499,19501,19511,19514,
19517,19519,19548,19550,19559,19618,19626,19645,19653,19766,19813,19988,19995,20009,20010,
20017,20032,20039,20065,20072,20253,20255,20261,20343,20428,20444,20458,20512,20513,20516,
20518,20519,20520,20522,20615,20879,20967,20982,20984,21000,21044,21120,21199,21201,21202,
21207,21211,21511,21512,21514,21519,21521,21527,22234,22247,22384,22421,22438,22444,22469,
22523,22542,22548,22555,22563,22569,22571,22635,22722,22729,22741,22751,22817,22999,23000,
23001,23011,23012,23156,23159,23160,23162,23165,23171,23172,23327,23329,23331,23332,23336,
23448,23575,23576,23577,23587,23591,23598,23599,23604,23612,23613,23615,23616,23621,23622,
23630,23632,23633,23634,23638,23640,23641,23645,23647,23648,23650,23654,23655,23657,23658,
23659,23660,24087,24100,24107,24140,24142,24144,24159,24169,24171,24174,24184,24186,24187,
24193,24197,24201,24206,24207,24213,24223,24224,24226,24231,24232,24604,24605,24607,24608,
25667,25669,25670,25673,25674,25703,25778,25781,25782,25786,25788,25792,25800,25801,25883,
26018,26020,26021,26048,26051,26052,26053,26054,26085,26089,26090,26091,26092,26093,26094,
26096,26131,26145,26146,26150,26151,26153,26157,26159,26161,26305,26311,26796,26797,26798,
26801,26802,26804,26806,26866,26868,26869,26870,26872,26876,27206,27207,27211,27212,27216,
27217,27274,27276,27278,27282,27283,27759,27761,27763,27764,27878,27889,27890,27894,28052,
28126,28127,28128,28132,28140,28142,28146,28149,28152,28154,28159,28160,28161,28163,28164,
28166,28168,28175,28176,28177,28178,28181,28182,28183,28185,28199,28204,28205,28221,28223,
28227,28233,28236,28237,28240,28241,28247,28259,28292,28314,28315,28316,28319,28321,28322,
28324,28326,28327,28328,28329,28331,28339,28342,28344,28346,28348,28349,28351,28352,28354,
28356,28358,28359,28365,28366,28367,28371,28375,28377,28397,28405,28410,28421,28422,28423,
28424,28425,28426,28427,28428,28429,28430,28432,28433,28438,28439,28440,28441,28444,28445,
28447,28449,28452,28454,28465,28470,28483,28546,28547,28552,28557,28559,28560,28564,28568,
28635,28657,28658,28659,28660,28661,28662,28665,28685,28692,29046,29050,29060,29062,29067,
29086,29167,29183,29184,29188,29189,30019,30042,30074,30125,30131,30187,30189,30190,30192,
30193,30194,30195,30199,30200,30419,30425,30428,30540,30543,30548,30552,30555,30556,30558,
30562,30762,30792,31810,31818,31819,31829,31833,31834,31835,31836,31837,31838,31839,31840,
31841,31842,31843,31846,31848,31853,31854,31856,31857,31860,31861,31862,31863,31866,31871,
31875,31951,31960,32199,32203,32218,32219,32223,32225,32463,32464,32465,32466,32470,32501,
32637,32638,32641,32642,32643,32644,32645,32646,32869,32872,32873,32877,32883,32884,32892,
33420,33423,33425,33426,33430,33432,33449,33458,33459,33460,33461,33465,33467,33568,33663,
33753,33754,33760,33773,33776,33779,33782,33783,33902,33906,33934,33969,34034,34036,34037,
34038,34039,34099,34123,34186,34194,34480,35044,35063,35074,35077,35265,35268,35271,35272,
35274,35276,35277,35282,35283,35285,35286,35287,35288,35289,35294,35299,35302,35303,35304,
35305,35328,35356,35362,35363,35376,35378,35381,35394,35395,35397,35399,35401,35402,35403,
35405,35422,35424,35428,35429,35430,35432,35433,35440,35456,35461,35465,35466,35467,35506,
35542,35556,35741,35745,35748,35749,35750,35751,35752,35758,36215,36216,36217,36692,36695,
36697,36698,36699,36701,36703,37283,37302,37307,37308,37326,37347,37393,37420,37422,37437,
37459,37463,37486,37586,37595,37962,37963,37967,37976,37978,37980,37981,37983,37984,37985,
37986,37988,37989,37998,37999,38005,38006,38007,38010,38014,38015,38027,38029,38030,38031,
38032,38033,38184,38194,38203,38245,38259,38283,38293,38300,38315,38318,38319,38320,38321,
38325,38341,38360,38361,38368,38382,38384,38400,38428,38449,38460,38815,38816,38818,38820,
38822,38823,39186,39188,39189,39191,39195,39196,39197,39449,39522,39526,39527,39528,39532,
39536,39537,39616,39618,39619,39620,39622,39625,39626,39666,39671,39675,39694,39697,39698,
39967,39968,39969,39970,39971,40000,40002,40003,40004,40005,40011,40012,40014,40015,40138,
40139,40140,40142,40721,40725,40727,40728,40732,40741,40909,40914,40997,41000,41004,41006,
41007,41009,41011,41015,41016,41017,41018,41027,41028,41032,41040,41041,41042,41043,41044,
41045,41046,41048,41049,41050,41070,41071,41080,41081,41089,41099,41106,41107,41111,41112,
41115,41116,41117,41120,41126,41129,41152,41162,41165,41166,41169,41194,41230,41231,41233,
41239,41240,41241,41242,41243,41245,41247,41248,41554,41555,41765,41823,41840,41855,41860,
41866,41883,41932,41955,41989,42136,42212,42229,42279,42317,42336,42382,42644,42651,42653,
42654,42656,42657,43338,43339,43340,43341,43342,43344,43345,43351,43355,43359,43360,43361,
43365,43366,43367,43368,43370,43374,43377,43378,43379,43380,43381,43383,43384,43389,43390,
43394,43396,43593,43602,43613,43615,43679,43724,43766,44150,44151,44152,44153,44155,44156,
44157,44301,44339,44341,44350,44367,44371,44497,44545,44551,44602,44604,44605,44609,44610,
44611,44612,44645,44646,44648,44650,44652,44654,44660,44662,44663,44665,44668,44670,44782,
44811,44833,44836,44840,44842,45370,45418,45460,45462,45492,45578,45948,45951,45952,45955,
45958,45959,45961,45964,45966,45967,45970,45973,45974,45975,45976,45979,45980,45981,45983,
45984,45995,45996,45999,46003,46025,46031,46032,46035,46037,46038,46040,46045,46049,46050,
46059,46060,46062,46065,46102,46104,46105,46107,46108,46115,46119,46120,46122,46125,46128,
46129,46130,46131,46138,46139,46141,46146,46149,46150,46152,46170,46174,46176,46181,46182,
46183,46229,46235,46236,46237,46238,46246,46582,46583,46602,46603,46604,46605,46608,46609,
46612,46637,46822,47008,47010,47011,47012,47013,47312,47318,47323,47324,47400,47403,47405,
47406,47407,47408,47413,47595,47596,47597,47599,47600,47650,47673,47727,48005,48006,48017,
48018,48019,48022,48023,48030,48031,48037,48038,48118,48120,48121,48125,48126,48243,48252,
48261,48288,48302,48325,48328,48329,48334,48335,48336,48337,48380,48398,48445,48447,48452,
48604,48717,48721,48722,48723,48724,48730,48731,48733,48906,48908,48942,48943,48944,48946,
48949,48950,48951,48952,48954,48956,49093,49102,49103,49123,49202,49203,49208,49211,49212,
49213,49342,49411,49606,49607,49784,49785,49787,49847,49860,50092,50102,50103,50105,50106,
50107,50109,50111,50112,50113,50114,50116,50117,50151,50240,50241,50242,50244,50245,50251,
50252,50254,50297,50298,50301,50302,50303,50307,50330,50332,50335,50336,50337,50341,50348,
50354,50357,50358,50363,50699,50830,50900,50901,50904,51071,51073,51225,51226,51227,51228,
51307,51310,51314,51315,51316,51317,51318,51319,51349,51350,51354,51355,51356,51357,51359,
52126,52128,52134,52138,52286,52763,52764,52767,52768,52912,52914,52919,52936,52969,52970,
52972,52973,52975,52977,52978,52986,53018,53019,53356,53416,53572,53582,53584,53598,53614,
53650,53879,53888,53906,53907,53910,53917,53920,54012,54014,54015,54019,54020,54030,54038,
54039,54040,54041,54045,54084,54111,54113,54114,54115,54116,54117,54135,54136,54138,54139,
54140,54141,54144,54147,54149,54150,54151,54152,54153,54154,54168,54170,54174,54177,54181,
54213,54214,54215,54216,54218,54219,54225,54227,54228,54307,54310,54312,54323,54576,54578,
54655,54656,54658,54659,55249,55250,55483,55484,55485,55487,55488,55490,55492,55493,55495,
55496,55639,55640,55643,55644,55645,55646,55648,55649,55751,55755,55756,55758,55761,55762,
56018,56024,56025,56026,56027,56029,56030,56177,56181,56182,56187,56188,56193,56233,56235,
56236,56356,56357,56358,56361,56763,56766,56813,56814,56815,56816,56817,56818,57165,57166,
57167,57169,57170,57184,57186,57188,57198,57203,57204,57205,57206,57208,57210,57211,57212,
57234,57235,57236,57237,57238,57239,57240,57241,57243,57244,57245,57246,57247,57249,57253,
57260,57263,57264,57265,57266,57267,57268,57269,57271,57272,57273,57278,57287,57289,57292,
57293,57372,57486,57493,57494,57562,57567,57575,57576,57752,57753,57756,57757,57758,57762,
57764,57765,57902,57957,57959,57971,58224,58225,58226,58319,58375,58402,58428,58473,58475,
58476,58477,58479,58480,58481,58483,58489,58490,58491,58492,58493,58494,58496,58497,58498,
58499,58500,58501,58504,58505,58511,58512,58513,58514,58515,58517,58518,58519,58521,58522,
58524,58525,58527,58559,58587,58590,58605,58624,58626,58649,58674,58680,58684,58693,58750,
58843,58847,58931,58986,59028,59133,59137,59168,59180,59181,59201,59204,59234,59288,59289,
59290,59292,59335,59337,59342,59709,60014,60015,60016,60019,60021,60024,60026,60027,60028,
60030,60034,60036,60041,60050,60052,60053,60054,60057,60058,60060,60061,60063,60065,60067,
60082,60083,60084,60085,60088,60089,60093,60096,60097,60098,60099,60101,60105,60108,60109,
60116,60121,60122,60131,60135,60136,60137,60141,60143,60150,60151,60152,60210,60211,60649,
60652,60654,60655,60656,60855,60857,60858,60859,60860,60861,60899,60910,61057,61112,61113,
61116,61118,61119,61206,61207,61209,61210,61214,61217,61309,61311,61312,61315,61316,61318,
61614,61615,61616,61617,61622,61627,61773,61774,61777,61778,61779,61805,61806,61807,61808,
61809,61810,61811,61812,61813,61929,61930,61932,61933,61934,61935,62016,62028,62039,62047,
62264,62403,62411,62426,62431,62432,62433,62435,62437,62438,62439,62440,62441,62442,62445,
62480,62481,62482,62483,62484,62497,62498,62499,62509,62511,62530,62531,62532,62533,62534,
62535,62537,62538,62825,62826,62827,62831,62832,62855,62869,62905,62951,62999,63034,63063,
63413,63442,63479,63507,63508,63509,63512,63513,63515,63516,63517,63518,63592,63595,63599,
63600,63601,63602,63607,63608,63690,63703,64004,64009,64014,64059,64063,64065,64066,64069,
64073,64074,64075,64076,64142,64144,64145,64146,64177,64180,64181,64186,64189,64190,64191,
64192,64194,64195,64196,64197,64198,64199,64667,64668,64669,64679,64680,64682,64683,64686,
64688,64689,64690,64699,64706,64709,64736,64739,64740,64743,64744,64848,64875,64962,64967,
64989,65038,65040,65041,65043,65464,65465,65467,65468,65469,65472,65475,65476,65477,65479,
65483,65485,65493,65830,65839,65840,65841,65842,65844,65846,65847,66207,66267,66268,66269,
66270,66273,66552,66554,66647,66648,67188,67193,67194,67195,67287,67289,67290,67291,67292,
67293,67543,67544,67545,67548,67594,67598,67824,67825,67827,67828,67830,67969,67973,67974,
67976,67977,67982,67984,67986,67987,67988,67989,67990,67992,67993,67997,67999,68150,68151,
68157,68158,68159,68625,68626,68627,68628,68629,68630,68730,68731,68732,68859,68862,68864,
69023,69024,69026,69027,69028,69029,69030,69032,69336,69337,69343,69348,69353,69354,69355,
69377,69379,69380,69394,69429,69430,69431,69437,69438,69439,69441,69527,69531,69542,69543,
69549,69552,69553,69620,69665,69666,69668,69671,69672,69801,69802,69803,69804,69946,69951,
69954,69956,69960,69964,69967,69968,69969,69970,69971,69972,69973,69974,69975,69976,70161,
70164,70165,70166,70168,70169,70214,70215,70231,70481,70647,70648,70649,70650,70651,70652,
70653,70793,70796,70797,70800,70801,70804,70972,70973,70975,70976,70980,70981,70982,70983,
70984,70985,71010,71011,71015,71016,71017,71049,71051,71053,71055,71056,71057,71059,71172,
71173,71174,71176,71177,71179,71183,71382,71385,71386,71388,71390,71391,71406,71407,71408,
71411,71412,71415,71418,71448,71449,71451,71621,71652,71655,71661,71662,71686,71703,71894,
71896,71897,71898,71899,71900,71903,71906,71907,71910,71911,71912,71915,71916,71919,71925,
71926,71927,71931,71932,71933,71956,71958,72124,72125,72126,72128,72129,72130,72131,72132,
72358,72362,72365,72368,72388,72392,72867,72871,72872,72874,72896,72901,72902,72904,72905,
72908,72910,72912,72917,73019,73032,73033,73034,73065,73066,73069,73070,73073,73074,73082,
73083,73085,73086,73088,73377,73459,73460,73461,73463,73476,73560,73561,73562,73564,73565,
73570,73571,73692,73703,73704,73706,73708,73709,73710,73711,73715,73716,73775,73776,73783,
73786,73787,73788,73794,73804,74177,74193,74566,74646,74648,74651,74654,74656,74657,74659,
74661,74663,74761,74762,74765,74796,74798,74799,74800,75192,75193,75200,75201,75204,75207,
75208,75214,75226,75227,75228,75234,75293,75295,75296,75297,75300,75474,75475,75476,75477,
75478,75479,75483,75484,75486,75487,75520,75521,75527,75536,75537,75572,75573,75574,75575,
75615,75616,75665,75666,75667,75668,75670,75671,75685,75761,75816,76227,76249,76315,76316,
76317,76318,76319,76320,76573,76580,76696,76820,76821,76822,76823,76824,76930,76932,76933,
77019,77463,77464,77465,78187,78194,78195,78196,79144,79145,79146,79147,79148,79150,79151,
79259,79310,79311,79329,79330,79331,79332,79333,79334,79335,79365,79422,79423,79424,79425,
79427,79739,79740,79741,79742,79743,79744,79745,79746,79747,79748,79749,79904,79906,79910,
79979,79980,79981,79982,79983,79984,80368,80369,80382,80383,80384,80385,80386,80387,80891,
80892,80893,80894,80895,80896,80897,81079,82306,82307,82308,82309,82310,82311,82312,82875,
82876,82877,82878,82879,83061,83126,83127,83128,83129,83130,83131,83132,83133,83137,83240,
83277,83443,83446,83587,83588,83589,83590,83591,83592,83593,83716,83717,83718,83719,83720,
83721,83722,83854,84004,84019,84038,84072,84079,84105,84397,84398,84399,84419,84421,84425,
84426,84427,84435,84436,84437,84438,84439,84440,84442,84443,84569,84571,84572,84573,84574,
84575,84577,84755,84756,84757,84758,84759,84760,84761,84762,84763,84764,84765,84766,84806,
84807,84808,84809,84813,84881,84882,84883,84884,85026,85028,85029,85031,85032,85033,85251,
85280,85311,85442,85443,85444,85447,85448,85449,85450,85451,85464,85483,85521,85533,85536,
85569,85607,85608,85614,85634,85641,85646,85647,85664,85832,85833,85834,85835,85836,85837,
85838,85948,85950,85951,85952,85953,86170,86172,86173,86174,86175,86219,86229,86256,86257,
86258,86259,86334,86380,86389,86396,86419,86452,86502,86513,86574,86828,86829,87256,87258,
87259,87260,87261,87264,87265,87338,87339,87340,87413,87414,87415,87416,87417,87418,87786,
87788,87789,87790,87873,87874,87897,87899,88140,88141,88144,88146,88171,88172,88173,88174,
88176,88178,88270,88271,88272,88273,88379,88380,88381,88382,88383,88384,88385,88386,88387,
88388,88392,88393,88394,88395,88396,88397,88405,88406,88407,88410,88412,89542,89543,89544,
89545,89546,89547,89551,89608,89609,89610,89612,89613,89614,89758,89759,90395,90396,90397,
90398,90399,90402,90404,90656,90665,90955,90956,90957,90959,90960,90961,91013,91014,91015,
91016,91017,91018,91130,91131,91132,91133,91134,91184,91202,91218,91220,91228,91321,91345,
91350,91361,91716,91717,91718,91719,91720,91721,91722,91723,91724,91725,91726,91727,91850,
91851,91852,91853,91854,91855,91856,91957,91958,91960,91961,91964,91965,91966,91967,91968,
91969,92003,92004,92005,92007,92008,92009,92010,92336,92337,92340,92375,92379,92432,92728,
92731,92732,92816,92817,92818,92891,92963,92973,92974,92975,92977,92979,92980,92981,92982,
92983,93103,93206,93372,93406,93410,93422,93468,93485,93486,93790,93791,93792,93793,93794,
93795,93831,93832,93834,93835,93919,93920,93921,93922,93923,93924,93946,93949,93965,93966,
93968,94105,94106,94107,94108,94109,94300,94301,94302,94337,94363,94377,94378,94379,94381,
94387,94443,94444,94445,94446,94449,94556,94617,94618,94619,94620,94622,94623,94624,94625,
94632,94633,94635,94636,94668,94669,94670,94671,94759,94760,94813,94815,94818,94820,94828,
94829,94831,94832,94833,94834,94835,94836,94837,94857,94870,94871,94883,94933,95061,95062,
95063,95064,95065,95144,95145,95146,95205,95206,95207,95210,95211,95649,95651,95653,95685,
95699,95736,95739,95819,95838,95841,95879,95983,95984,95985,95986,95987,95988,95989,95991,
95993,96102,96103,96105,96142,96145,96146,96147,96253,96255,96258,96259,96260,96261,96479,
96480,96482,96483,96487,96549,96550,96553,96554,96555,96569,96570,96571,96572,96573,96574,
96575,96576,96577,96654,96655,96713,96714,96715,96716,96717,96718,96719,96720,96721,96722,
96723,96724,96725,96735,96736,96737,96738,96739,96766,96767,96768,96772,96780,96781,96782,
96783,96851,96852,96853,96854,96856,96857,96858,96905,96906,96907,96908,96909,96938,96939,
96941,96942,96943,96945,96946,96988,96989,96990,96993,96994,96995,96996,96997,96998,96999,
97000,97002,97003,97004,97006,97007,97008,97124,97125,97126,97127,97128,97129,97130,97131,
97161,97162,97163,97164,97166,97167,97168,97169,97185,97186,97187,97188,97189,97190,97220
END_

GROUP_DEF
  ID_NAME = FROZEN_AREA_ELEMS_GRP_3
  TYPE=ELEM
  FORMAT=LIST
  LIST_BEGIN
29,148,152,235,272,311,383,517,519,529,535,588,603,645,705,799,841,853,946,995,996,1022,1217,
1256,1264,1266,1270,1289,1292,1323,1491,2216,2342,2632,2844,2879,3038,3204,3210,3276,3292,
3296,3545,3811,4035,4098,4099,4101,4103,4104,4118,4146,4267,4268,4269,4270,4271,4378,4379,
4409,4429,4473,4475,4482,4483,4484,4515,4533,4536,4551,4562,4571,4609,4756,4773,4778,4780,
4792,4806,4893,4894,4895,4897,4898,4900,4901,5479,5480,5481,5482,5483,5499,5500,5501,5502,
5503,5504,5513,5514,5515,5516,5518,5519,5520,5774,6016,6128,6129,6130,6131,6132,6137,6149,
6177,6178,6179,6180,6181,6361,6363,6375,6380,6383,6404,6412,6432,6435,6451,6490,6722,6944,
7081,7096,7100,7103,7104,7140,7141,7186,7187,7188,7189,7360,7372,7375,7384,7399,7425,7439,
7450,7471,7809,7857,8046,8164,8221,8586,8908,8920,8929,8947,8952,8962,8975,8980,9258,9291,
9301,9309,9323,9326,9327,9328,9329,9330,9331,9332,9337,9344,9356,9386,9531,9639,9641,9655,
9781,9919,9926,9976,9977,10005,10012,10022,10060,10072,10073,10148,10272,10342,10496,10517,
10528,10536,10789,10813,11128,11129,11131,11132,11133,11176,11180,11192,11231,11233,11235,
11236,11489,11490,11598,11599,11600,11601,11602,11611,11612,11613,11614,11615,11616,11845,
11879,11880,11937,11995,11996,11997,11998,11999,12143,12150,12153,12166,12173,12179,12189,
12191,12194,12195,12197,12198,12199,12218,12219,12220,12221,12222,12225,12226,12227,12228,
12229,12231,12232,12233,12234,12235,12237,12255,12274,12280,12284,12286,12299,12303,12310,
12314,12317,12319,12320,12322,12341,12343,12351,12360,12363,12383,12388,12397,12402,12404,
12405,12409,12410,12411,12412,12414,12418,12419,12421,12425,12429,12441,12442,12444,12447,
12460,12461,12462,12468,12471,12487,12543,12548,12551,12554,12555,12556,12562,12563,12565,
12566,12567,12572,12575,12585,12596,12603,12610,12612,12677,12678,12713,12728,12763,12805,
12808,12811,12812,12813,12814,12825,12829,12872,12881,12884,12891,12912,12914,12915,12916,
12917,12918,12919,12920,12921,12922,12925,12926,12928,12929,12961,12962,12964,12966,12967,
12968,12970,12972,13026,13034,13095,13105,13107,13108,13109,13114,13116,13121,13138,13139,
13140,13141,13143,13144,13145,13146,13153,13171,13189,13249,13250,13254,13318,13338,13405,
13479,13505,13509,13522,13550,13567,13595,13613,13656,13661,13683,13684,13686,13708,13709,
13718,13722,13813,13814,13817,13819,13820,13823,13824,13830,13839,13843,13849,13851,13852,
13859,13867,13869,13900,13901,13902,13903,13921,13927,13932,13942,13944,13965,13967,13988,
14001,14052,14086,14087,14098,14123,14132,14162,14163,14166,14167,14168,14173,14176,14200,
14242,14245,14246,14247,14248,14249,14250,14251,14256,14262,14267,14272,14273,14281,14284,
14285,14286,14291,14293,14296,14300,14355,14379,14382,14395,14401,14403,14404,14405,14408,
14411,14413,14414,14415,14417,14421,14432,14434,14439,14441,14444,14447,14456,14467,14471,
14473,14476,14477,14481,14483,14485,14488,14491,14492,14493,14494,14497,14498,14499,14511,
14517,14520,14526,14532,14535,14539,14540,14542,14548,14550,14552,14555,14556,14560,14562,
14565,14569,14573,14574,14575,14579,14582,14583,14588,14589,14591,14593,14604,14606,14607,
14610,14612,14617,14622,14624,14625,14637,14639,14641,14643,14646,14650,14651,14658,14661,
14666,14672,14673,14676,14683,14685,14696,14700,14704,14712,14715,14716,14719,14723,14729,
14730,14737,14741,14742,14751,14755,14760,14761,14765,14768,14776,14778,14782,14787,14792,
14793,14798,14802,14804,14814,14816,14830,14831,14832,14835,14836,14837,14838,14839,14842,
14843,14852,14854,14855,14864,14866,14868,14870,14872,14873,14874,14875,14876,14880,14882,
14887,14888,14889,14890,14891,14892,14893,14894,14895,14896,14897,14898,14902,14908,14911,
14914,14920,14925,14927,14931,14934,14935,14937,14941,14944,14945,14952,14953,14955,14956,
14960,14964,14965,14967,14970,14971,14977,14982,14983,14989,14994,14995,14997,15001,15002,
15004,15005,15008,15009,15010,15011,15019,15021,15024,15032,15033,15035,15038,15041,15045,
15047,15048,15049,15055,15056,15057,15060,15061,15067,15071,15072,15073,15074,15077,15078,
15082,15083,15090,15094,15095,15097,15098,15099,15100,15101,15103,15107,15109,15112,15114,
15122,15123,15126,15128,15131,15134,15136,15140,15144,15145,15150,15152,15154,15161,15162,
15169,15178,15179,15180,15182,15183,15184,15185,15187,15188,15189,15193,15200,15205,15208,
15213,15215,15220,15221,15224,15232,15234,15244,15247,15256,15258,15261,15265,15267,15271,
15274,15275,15277,15284,15285,15287,15290,15293,15295,15296,15297,15300,15305,15310,15314,
15315,15316,15317,15319,15320,15321,15322,15333,15337,15338,15339,15340,15343,15344,15346,
15349,15352,15357,15362,15364,15366,15371,15372,15376,15379,15380,15382,15383,15387,15391,
15393,15396,15404,15409,15415,15420,15421,15422,15424,15425,15426,15427,15428,15432,15435,
15440,15444,15449,15450,15451,15457,15479,15488,15491,15495,15499,15551,15554,15555,15561,
15566,15567,15570,15571,15598,15599,15602,15604,15607,15608,15609,15611,15618,15625,15627,
15631,15633,15637,15662,15781,15835,15836,15837,15847,15849,15856,15857,15858,15859,15860,
15861,15862,15915,15917,15918,15919,15921,15922,15925,15931,15932,15934,15938,15941,15942,
15943,15944,15945,15946,15950,15952,16008,16034,16035,16037,16038,16130,16131,16133,16165,
16172,16186,16189,16204,16211,16216,16235,16249,16250,16251,16252,16253,16254,16256,16258,
16344,16347,16348,16491,16820,16825,16826,16829,16830,16832,16979,16980,16981,16983,16986,
16987,16995,16999,17002,17003,17008,17010,17014,17020,17021,17025,17027,17029,17030,17033,
17036,17039,17041,17043,17054,17073,17075,17077,17079,17082,17084,17173,17174,17175,17176,
17179,17180,17181,17263,17302,17309,17310,17313,17339,17341,17344,17368,17374,17382,17391,
17393,17395,17397,17407,17413,17430,17435,17556,17558,17559,17565,17571,17572,17579,17582,
17597,17611,17613,17614,17616,17617,17735,17751,17800,17804,17810,17811,17813,17816,17829,
17875,17877,17884,17889,17890,17891,17922,17924,17932,17936,17939,17941,17942,17943,17981,
18002,18008,18009,18010,18012,18013,18034,18037,18038,18040,18045,18061,18062,18063,18065,
18066,18067,18068,18069,18070,18079,18080,18082,18083,18085,18086,18087,18090,18091,18092,
18093,18094,18195,18197,18199,18202,18203,18204,18206,18212,18213,18218,18219,18220,18221,
18223,18224,18227,18228,18229,18230,18327,18330,18331,18332,18339,18348,18356,18358,18367,
18402,18409,18410,18411,18412,18416,18417,18443,18461,18634,18636,18641,18644,18790,18811,
18821,18843,18862,18883,18981,18982,18983,19097,19136,19139,19141,19143,19145,19146,19147,
19243,19244,19245,19246,19248,19250,19589,19590,19606,19607,19608,19609,19611,19612,19613,
19614,19615,19616,19617,19619,19663,19668,19669,19670,19671,19673,19858,19860,19864,19865,
19866,19867,20348,20351,20352,20422,20426,20427,20429,20430,20537,20538,20735,20773,20774,
20776,20779,20781,20783,20813,20814,20816,20818,20821,20822,20824,20825,20998,20999,21002,
21003,21004,21007,21066,21067,21069,21070,21071,21074,21126,21129,21139,21193,21259,21280,
21284,21286,21287,21288,21291,21292,21297,21298,21299,21300,21331,21336,21345,21349,21350,
21351,21354,21359,21361,21365,21376,21382,21388,21389,21390,21392,21395,21396,21397,21398,
21400,21401,21402,21405,21410,21412,21413,21420,21441,21444,21454,21465,21470,21475,21476,
21480,21482,21483,21486,21487,21488,21489,21490,21497,21522,21524,21525,21528,21533,21545,
21548,21551,21552,21558,21559,21563,21569,21587,21608,21644,21645,21647,21653,21654,21655,
21662,21686,21691,21694,21695,21702,21704,21732,21759,21761,21762,21763,21764,21772,21808,
21833,21840,21841,21842,21843,21849,21850,21851,21852,21853,21854,21857,21907,21912,21926,
21929,21934,21936,21938,21950,22013,22023,22108,22130,22152,22159,22161,22187,22190,22194,
22195,22199,22201,22203,22206,22236,22237,22238,22239,22281,22282,22285,22291,22294,22296,
22300,22302,22304,22315,22351,22359,22386,22393,22396,22397,22401,22403,22405,22417,22419,
22420,22426,22495,22568,22684,22685,22688,22691,22693,22721,22723,22724,22725,22726,22755,
22767,22770,22772,22774,22780,22782,22784,22865,22871,22873,22875,22882,22884,22890,22898,
22911,22915,22920,22947,22948,22950,22955,22956,22958,23040,23045,23046,23048,23049,23143,
23145,23152,23158,23161,23163,23166,23167,23168,23177,23181,23182,23184,23185,23186,23187,
23193,23194,23195,23196,23197,23198,23200,23202,23205,23208,23209,23210,23211,23213,23214,
23216,23220,23221,23225,23227,23229,23231,23234,23235,23238,23239,23240,23241,23243,23246,
23249,23255,23257,23259,23260,23261,23262,23263,23265,23266,23267,23268,23269,23270,23272,
23273,23274,23275,23276,23277,23278,23281,23282,23285,23286,23304,23305,23306,23307,23309,
23310,23311,23314,23317,23319,23320,23328,23330,23334,23335,23339,23340,23341,23342,23343,
23345,23347,23349,23353,23354,23355,23358,23359,23361,23362,23365,23377,23378,23380,23381,
23382,23383,23386,23389,23392,23394,23395,23399,23402,23403,23405,23407,23408,23409,23410,
23411,23413,23414,23419,23420,23422,23426,23435,23437,23442,23443,23445,23449,23450,23451,
23456,23459,23460,23462,23465,23466,23467,23469,23470,23472,23473,23475,23476,23477,23480,
23483,23484,23485,23490,23491,23494,23496,23500,23502,23505,23507,23514,23515,23516,23517,
23518,23519,23520,23522,23527,23533,23535,23538,23546,23548,23550,23552,23553,23556,23561,
23563,23564,23569,23570,23774,23775,23785,23908,23909,23910,23911,23912,23913,23915,24021,
24022,24023,24026,24028,24029,24047,24057,24058,24059,24081,24082,24086,24088,24089,24090,
24122,24124,24131,24358,24364,24365,24366,24367,24368,24369,24370,24377,24379,24536,24537,
24538,24540,24542,24543,24544,24545,24564,24566,24568,24569,24574,24575,24579,24580,24591,
24596,24599,24600,24610,24611,24612,24613,24622,24624,24625,24626,24627,24631,24632,24647,
24648,24656,24657,24658,24659,24661,24662,24666,24667,24668,24670,24673,24674,24675,24676,
24677,24678,24679,24680,24681,24683,24686,24687,24690,24694,24696,24697,24699,24703,24704,
24709,24720,24723,24733,24738,24739,24740,24742,24744,24747,24748,24750,24757,24761,24762,
24778,24781,24788,24790,24791,24793,24797,24801,24802,24805,24806,24813,24814,24819,24821,
24824,24831,24834,24836,24843,24846,24847,24850,24851,24856,24858,24866,24868,24870,24871,
24873,24876,24877,24880,24888,24889,24895,24896,24897,24898,24899,24907,24911,24917,24918,
24919,24920,24923,24925,24928,24929,24930,24932,24936,24937,24938,24939,24945,24946,24947,
24948,24949,24953,24954,24956,24959,24960,24964,24966,24967,24972,24974,24979,24981,24982,
24983,24986,24990,24993,24995,24996,24997,25001,25004,25006,25009,25011,25013,25014,25016,
25017,25018,25019,25020,25021,25022,25023,25025,25026,25028,25029,25037,25044,25047,25048,
25050,25054,25055,25056,25060,25062,25064,25065,25067,25069,25071,25072,25077,25078,25079,
25080,25081,25082,25083,25085,25086,25087,25091,25092,25093,25094,25095,25098,25101,25102,
25103,25104,25108,25110,25111,25117,25122,25135,25137,25138,25139,25144,25147,25151,25157,
25164,25171,25175,25176,25177,25185,25189,25190,25192,25197,25198,25206,25208,25209,25212,
25220,25221,25223,25227,25228,25230,25231,25232,25233,25245,25250,25265,25266,25269,25277,
25278,25280,25282,25288,25290,25293,25294,25298,25300,25301,25302,25303,25305,25312,25316,
25317,25319,25322,25324,25327,25328,25331,25337,25339,25340,25341,25372,25377,25381,25450,
25453,25460,25463,25466,25468,25481,25483,25485,25486,25487,25488,25489,25490,25492,25495,
25496,25526,25530,25532,25534,25596,25597,25598,25600,25603,25604,25605,25675,25676,25679,
25680,25683,25685,25686,25687,25688,25689,25690,25698,25699,25707,25708,25709,25710,25711,
25821,26204,26205,26206,26208,26211,26213,26471,26520,26522,26524,26525,26526,26577,26584,
26665,26668,26669,26750,26751,26752,26753,26755,26756,26758,26828,26830,26835,26874,26878,
26880,26881,26898,26905,26911,26916,26925,27000,27001,27002,27007,27016,27021,27025,27026,
27140,27164,27174,27184,27265,27268,27269,27272,27289,27367,27382,27384,27385,27387,27388,
27389,27426,27428,27431,27432,27442,27443,27450,27451,27452,27455,27457,27460,27535,27582,
27585,27586,27588,27589,27591,27593,27630,27648,27660,27663,27664,27676,27706,27710,27716,
27737,27738,27739,27745,27750,27752,27753,27755,28011,28014,28016,28018,28020,28021,28022,
28500,28501,28503,28518,28523,28537,28539,28540,28545,28548,28549,28693,28694,28696,28699,
28701,28703,28817,28852,28855,28881,29006,29029,29031,29032,29033,29034,29035,29040,29065,
29076,29099,29107,29200,29204,29225,29280,29286,29297,29299,29300,29303,29306,29307,29308,
29310,29316,29458,29459,29461,29464,29788,29790,29791,29792,29794,29799,29985,29988,29989,
29992,29993,29997,29999,30000,30044,30045,30046,30048,30049,30050,30051,30052,30058,30059,
30096,30099,30100,30103,30104,30105,30109,30110,30111,30120,30121,30126,30127,30128,30134,
30136,30137,30153,30204,30215,30221,30222,30258,30259,30282,30298,30310,30311,30312,30314,
30318,30342,30346,30347,30348,30360,30363,30364,30365,30404,30406,30407,30411,30412,30423,
30424,30462,30468,30478,30479,30482,30483,30484,30486,30487,30488,30531,30569,30574,30577,
30578,30579,30580,30581,30582,30601,30637,30638,30640,30641,30653,30654,30656,30698,30704,
30720,30721,30724,30727,30731,30829,30835,30837,30864,30870,30871,30872,30875,30877,30883,
30888,30894,30900,30902,30912,30919,30949,30953,30956,31009,31011,31117,31225,31341,31415,
31417,31418,31420,31422,31424,31425,31452,31456,31458,31459,31460,31462,31487,31493,31495,
31497,31500,31502,31504,31506,31509,31510,31513,31514,31516,31517,31518,31519,31523,31527,
31528,31529,31531,31533,31534,31536,31541,31542,31544,31546,31547,31550,31552,31553,31555,
31556,31557,31558,31560,31561,31564,31565,31566,31570,31571,31572,31573,31581,31600,31602,
31603,31605,31606,31607,31608,31614,31615,31616,31617,31618,31619,31620,31621,31624,31626,
31627,31628,31632,31633,31634,31640,31644,31646,31647,31652,31653,31659,31660,31662,31670,
31682,31683,31684,31686,31688,31690,31691,31702,31704,31706,31707,31712,31713,31714,31715,
31716,31717,31721,31723,31725,31727,31731,31737,31738,31739,31740,31741,31742,31743,31744,
31745,31746,31747,31748,31751,31760,31762,31766,31769,31770,31772,31780,31785,31787,31788,
31789,31791,31792,31795,31797,31798,31800,31802,31804,31807,31942,31943,31944,31952,31954,
31955,31956,32105,32106,32153,32171,32230,32244,32248,32249,32250,32252,32253,32255,32263,
32264,32265,32277,32351,32353,32354,32355,32483,32485,32489,32491,32492,32494,32495,32496,
32497,32499,32500,32502,32503,32504,32505,32507,32518,32522,32523,32524,32525,32526,32527,
32530,32536,32545,32547,32549,32550,32552,32555,32560,32562,32563,32568,32569,32570,32571,
32583,32585,32599,32602,32606,32608,32621,32623,32627,32628,32629,32631,32633,32635,32639,
32640,32651,32652,32659,32663,32667,32669,32670,32673,32674,32682,32686,32689,32693,32694,
32696,32699,32702,32703,32709,32710,32714,32718,32719,32720,32723,32725,32727,32728,32729,
32730,32731,32733,32737,32739,32740,32742,32749,32750,32757,32759,32762,32763,32764,32765,
32766,32767,32769,32771,32772,32773,32775,32778,32780,32781,32789,32791,32792,32794,32801,
32802,32803,32804,32805,32814,32816,32819,32820,32821,32822,32827,32828,32831,32832,32833,
32838,32839,32840,32841,32844,32845,32848,32849,32854,32855,32859,32861,32863,32864,32866,
32871,32874,32876,32878,32879,32880,32881,32882,32885,32887,32889,32890,32891,32893,32905,
32906,32908,32909,32910,32911,32912,32915,32916,32917,32921,32929,32930,32931,32935,32938,
32940,32941,32942,32943,32946,32947,32953,32954,32955,32958,32959,32964,32965,32968,32969,
32971,32972,32973,32974,32975,32976,32978,32979,32981,32982,32990,32991,32995,32996,32998,
33004,33005,33015,33021,33036,33042,33052,33054,33056,33059,33060,33063,33065,33066,33067,
33068,33074,33075,33079,33080,33083,33086,33087,33088,33089,33090,33091,33095,33101,33104,
33106,33108,33113,33114,33120,33121,33123,33126,33131,33135,33138,33139,33142,33146,33149,
33150,33152,33153,33154,33251,33252,33253,33255,33263,33312,33328,33329,33336,33337,33341,
33342,33344,33345,33403,33434,33436,33437,33488,33489,33493,33494,33495,33498,33499,33505,
33506,33512,33513,33536,33541,33550,33553,33554,33558,33561,33565,33650,33797,33804,33805,
33809,33811,33958,33960,33961,33963,33987,33989,34071,34072,34077,34078,34155,34156,34157,
34158,34159,34160,34161,34162,34164,34195,34389,34488,34491,34492,34495,34568,34569,34570,
34574,34575,34604,34612,34615,34621,34644,34645,34650,34669,34670,34671,34672,34723,34724,
34725,34726,34728,34775,34776,34778,34849,34851,34852,34853,34854,34976,34980,34981,34984,
34986,35360,35365,35367,35368,35369,35371,35373,35813,35814,35818,35819,35820,35821,35824,
35825,35849,35899,35913,36073,36130,36302,36305,36308,36309,36415,36417,36418,36424,36426,
36584,36585,36589,36620,36631,36632,36634,36636,36637,36638,36640,36643,36650,36651,36652,
36653,36654,36655,36656,36657,36658,36659,36660,36673,36691,36716,36718,36732,36734,36766,
36796,36801,36805,36818,36820,36821,36823,36824,36854,36860,36871,36910,36915,37075,37076,
37077,37078,37080,37204,37225,37273,37274,37275,37277,37281,37284,37287,37432,37433,37434,
37435,37438,37534,37535,37536,37537,37543,37544,37547,37548,37619,37670,37673,37674,37682,
37683,37684,37704,37706,37708,37713,37716,37719,37720,37721,37723,37724,37725,37726,37727,
37729,37730,37731,37734,37735,37737,37744,37751,37752,37753,37757,37759,37760,37762,37767,
37768,37769,37770,37771,37772,37773,37774,37775,37778,37780,37782,37788,37790,37793,37794,
37796,37798,37801,37802,37803,37805,37806,37807,37808,37809,37811,37812,37815,37817,37820,
37822,37827,37828,37831,37833,37834,37835,37836,37837,37838,37843,37844,37845,37847,37848,
37850,37857,37858,37860,37865,37866,37867,37870,37874,37875,37878,37884,37888,37896,37898,
37902,37903,37905,37909,37912,37913,37914,37915,37916,37917,37925,37926,37927,37928,37929,
37930,37934,37935,37939,37940,37941,37942,37945,37946,37949,37953,37958,37959,37965,38095,
38097,38138,38227,38230,38499,38552,38561,38562,38564,38565,38572,38573,38574,38575,38578,
38579,38580,38581,38582,38585,38586,38587,38590,38591,38594,38595,38597,38604,38608,38609,
38614,38619,38622,38623,38625,38626,38627,38633,38636,38638,38639,38646,38650,38651,38652,
38653,38658,38659,38661,38662,38668,38671,38673,38674,38679,38680,38681,38684,38686,38687,
38688,38689,38692,38693,38697,38698,38699,38700,38704,38705,38706,38708,38710,38711,38712,
38715,38718,38723,38724,38727,38728,38729,38730,38731,38732,38733,38734,38736,38737,38738,
38740,38744,38745,38749,38750,38751,38756,38759,38761,38762,38763,38766,38771,38772,38775,
38776,38779,38783,38786,38787,38790,38792,38793,38794,38796,38798,38802,38808,38809,38810,
38812,38813,38819,38821,38825,38826,38827,38828,38829,38830,38833,38834,38835,38836,38838,
38841,38842,38843,38844,38845,38846,38850,38851,38852,38853,38855,38859,38860,38861,38862,
38868,38869,38875,38876,38879,38882,38888,38890,38895,38897,38898,38899,38900,38901,38902,
38903,38904,38905,38908,38910,38915,38924,38926,38928,38929,38934,38936,38938,38939,38940,
38941,38943,38944,38945,38947,38956,38957,38958,38959,38961,38962,38964,38966,38968,38969,
38977,38978,38979,38980,38984,38986,38987,38988,38990,38994,38997,38998,39002,39003,39004,
39007,39021,39022,39023,39024,39025,39036,39038,39039,39040,39041,39050,39053,39054,39057,
39058,39059,39060,39063,39077,39082,39086,39091,39094,39095,39096,39098,39099,39102,39104,
39106,39107,39108,39112,39117,39127,39141,39143,39144,39145,39150,39152,39154,39158,39159,
39184,39251,39252,39257,39260,39261,39265,39285,39361,39365,39366,39367,39370,39401,39402,
39403,39404,39405,39406,39436,39437,39444,39495,39805,39806,39808,39809,39879,39883,39885,
39901,39903,39904,39905,39906,40148,40150,40154,40155,40263,40264,40267,40271,40272,40276,
40310,40346,40347,40348,40349,40378,40381,40383,40384,40387,40521,40522,40523,40574,40582,
40604,40607,40610,40615,40616,40618,40678,40687,40705,40891,40899,40900,40901,40903,40907,
40960,40969,40970,40979,40981,40984,40985,40994,40998,40999,41001,41002,41067,41072,41073,
41075,41083,41084,41085,41086,41142,41143,41145,41146,41147,41148,41292,41461,41462,41463,
41466,41468,41472,41474,41475,41478,41490,41492,41500,41507,41508,41515,41542,41543,41546,
41547,41548,41550,41552,41750,41817,41830,41845,41946,41956,42089,42108,42119,42121,42124,
42125,42126,42156,42162,42168,42170,42192,42193,42211,42213,42215,42241,42245,42254,42259,
42262,42265,42280,42281,42283,42285,42287,42295,42297,42298,42299,42303,42309,42310,42335,
42343,42345,42363,42364,42370,42375,42379,42380,42381,42384,42387,42410,42412,42415,42425,
42441,42445,42447,42473,42476,42478,42484,42485,42489,42506,42591,42660,42661,42716,42718,
42719,42720,42721,42722,42723,42726,42727,42728,42729,42730,42731,42733,42734,42735,42736,
42738,42740,42755,42756,42757,42758,42762,42763,42764,42770,42845,42850,42851,42855,42860,
42874,42890,42897,42909,42910,42913,42915,42916,42917,42937,42988,42995,42996,42998,43001,
43004,43005,43009,43035,43119,43165,43166,43167,43169,43176,43177,43178,43179,43183,43184,
43185,43189,43191,43193,43195,43197,43198,43200,43202,43204,43205,43207,43209,43210,43228,
43229,43234,43241,43249,43250,43251,43253,43254,43268,43272,43276,43278,43279,43280,43282,
43288,43289,43290,43297,43298,43299,43301,43304,43307,43308,43309,43310,43316,43317,43318,
43319,43320,43322,43323,43325,43326,43328,43329,43330,43333,43334,43335,43467,43505,43563,
43571,43640,43641,43643,43706,43791,43796,43800,43801,43802,43803,43809,43810,43811,43812,
43813,43816,43819,43821,43822,43825,43831,43834,43836,43837,43838,43841,43842,43844,43845,
43846,43847,43848,43854,43855,43856,43857,43861,43863,43864,43865,43866,43874,43875,43876,
43884,43886,43889,43891,43895,43896,43897,43898,43899,43909,43918,43921,43926,43927,43928,
43929,43930,43932,43933,43934,43936,43952,43953,43954,43955,43960,43961,43962,43963,43964,
43965,43968,43969,43971,43974,43975,43976,43977,43978,43979,43980,43981,43982,43986,43987,
43991,43993,43995,43997,43998,43999,44001,44003,44005,44009,44010,44013,44016,44021,44025,
44026,44030,44031,44032,44033,44034,44035,44036,44037,44042,44043,44046,44047,44050,44051,
44052,44053,44054,44055,44056,44059,44060,44061,44062,44063,44065,44069,44073,44076,44077,
44078,44079,44082,44085,44089,44090,44091,44094,44095,44096,44099,44100,44101,44102,44106,
44107,44109,44111,44112,44113,44114,44115,44116,44118,44119,44121,44122,44124,44126,44127,
44129,44131,44132,44133,44134,44135,44136,44137,44138,44139,44140,44141,44142,44143,44144,
44145,44146,44147,44148,44149,44154,44158,44159,44160,44161,44162,44163,44164,44165,44166,
44167,44168,44169,44170,44171,44172,44173,44177,44180,44184,44187,44196,44197,44198,44199,
44201,44203,44204,44206,44207,44209,44212,44219,44221,44222,44227,44231,44233,44234,44235,
44236,44237,44245,44246,44247,44248,44253,44254,44257,44258,44259,44260,44262,44263,44264,
44274,44275,44276,44279,44284,44285,44286,44288,44292,44293,44294,44295,44296,44298,44299,
44300,44303,44307,44308,44309,44318,44319,44320,44321,44322,44325,44326,44327,44328,44329,
44333,44342,44343,44344,44345,44347,44366,44368,44369,44370,44372,44398,44400,44404,44405,
44406,44407,44408,44409,44410,44411,44412,44413,44414,44415,44416,44417,44418,44419,44430,
44458,44531,44535,44536,44539,44542,44544,44651,44667,44671,44672,44673,44676,44677,44678,
44681,44759,44760,44766,44767,44768,44923,44925,44930,44932,44933,45032,45033,45037,45038,
45041,45042,45046,45048,45050,45061,45062,45063,45064,45065,45068,45070,45071,45072,45073,
45075,45076,45077,45078,45079,45080,45085,45092,45118,45133,45141,45159,45171,45217,45218,
45220,45221,45225,45226,45236,45258,45259,45270,45277,45278,45279,45280,45284,45365,45366,
45369,45372,45385,45386,45387,45395,45398,45434,45437,45439,45496,45498,45503,45512,45513,
45516,45518,45522,45529,45530,45531,45537,45538,45539,45540,45543,45571,45573,45574,45575,
45576,45577,45580,45585,45586,45588,45592,45597,45598,45601,45675,45676,45685,45686,45688,
45692,45693,45697,45700,45740,45741,45744,45745,45746,45748,45749,45785,45790,45793,45794,
45795,45799,45800,45802,45804,45805,45808,45809,45810,45812,45837,45839,45843,45844,45848,
45850,45851,45856,45858,45861,45865,45866,45871,45917,45918,45919,45920,45925,45928,45930,
46123,46124,46126,46167,46168,46228,46271,46272,46273,46274,46278,46279,46421,46422,46424,
46426,46428,46429,46430,46432,46517,46519,46520,46521,46600,46620,46636,46652,46654,46657,
46658,46660,46661,46662,46664,46665,46669,46670,46671,46672,46674,46679,46680,46770,46772,
46773,46774,46778,46811,46812,46813,46815,46821,46823,46824,46826,46940,46946,46978,47024,
47025,47026,47031,47032,47033,47038,47039,47040,47041,47044,47045,47059,47063,47064,47066,
47067,47069,47077,47085,47086,47088,47089,47090,47091,47094,47095,47097,47098,47099,47100,
47101,47103,47104,47105,47112,47137,47139,47140,47141,47142,47148,47149,47150,47153,47155,
47159,47160,47161,47163,47175,47180,47181,47184,47188,47189,47191,47194,47221,47227,47228,
47229,47230,47271,47272,47338,47339,47345,47348,47415,47417,47419,47420,47421,47422,47427,
47430,47431,47463,47466,47469,47485,47486,47493,47515,47516,47569,47573,47757,47762,47763,
47770,47800,47802,47812,47816,47817,47819,47820,47822,47823,47824,47825,47826,47827,47829,
47831,47832,47833,47836,47838,47841,47843,47847,47849,47850,47851,47854,47860,47863,47864,
47867,47868,47869,47872,47876,47877,47878,47881,47882,47883,47885,47887,47888,47890,47893,
47895,47897,47900,47902,47907,47908,47910,47911,47913,47922,47923,47924,47925,47926,47927,
47928,47929,47930,47931,47939,47940,47942,47943,47944,47946,47947,47949,47950,47952,47954,
47955,47958,47959,47960,47963,47964,47966,47967,47970,47971,47979,47982,47983,47985,47986,
47988,47990,47992,47993,47999,48000,48001,48002,48004,48033,48034,48035,48036,48039,48049,
48051,48052,48053,48057,48058,48078,48079,48093,48094,48095,48098,48099,48104,48145,48146,
48147,48148,48150,48219,48265,48266,48269,48286,48287,48289,48292,48293,48294,48296,48297,
48298,48299,48300,48303,48318,48321,48322,48323,48324,48347,48349,48350,48353,48357,48359,
48360,48363,48364,48370,48371,48372,48373,48374,48378,48379,48381,48382,48383,48384,48385,
48386,48387,48388,48389,48391,48394,48399,48400,48401,48402,48403,48411,48412,48414,48416,
48417,48419,48424,48426,48430,48431,48432,48433,48434,48436,48437,48438,48441,48442,48449,
48453,48458,48460,48469,48470,48472,48473,48474,48475,48476,48477,48478,48479,48480,48481,
48482,48483,48486,48488,48490,48491,48492,48493,48494,48495,48497,48498,48499,48502,48503,
48504,48505,48506,48508,48510,48511,48512,48513,48515,48516,48517,48518,48522,48525,48529,
48536,48538,48544,48545,48553,48560,48562,48569,48570,48572,48575,48579,48587,48588,48589,
48590,48591,48592,48593,48594,48595,48596,48597,48599,48605,48609,48611,48613,48615,48617,
48618,48624,48625,48634,48635,48636,48639,48641,48642,48643,48647,48649,48654,48660,48661,
48662,48663,48676,48679,48683,48696,48698,48701,48702,48703,48706,48707,48709,48713,48715,
48716,48758,48759,48760,48762,48763,48764,48766,48767,48769,48771,48773,48774,48853,48854,
48857,48864,48903,48904,48909,48913,48924,48925,48926,48931,48935,48936,48937,48938,48967,
49034,49039,49044,49045,49063,49065,49066,49068,49069,49092,49094,49096,49097,49098,49100,
49104,49107,49108,49109,49110,49114,49116,49119,49154,49155,49158,49159,49160,49164,49165,
49166,49170,49171,49176,49177,49183,49184,49185,49189,49190,49191,49192,49194,49195,49200,
49250,49251,49253,49255,49256,49258,49259,49260,49261,49262,49265,49273,49274,49275,49276,
49278,49297,49300,49303,49307,49308,49309,49310,49324,49327,49329,49331,49340,49343,49345,
49347,49348,49378,49379,49385,49387,49389,49390,49391,49392,49394,49396,49397,49398,49416,
49419,49421,49431,49436,49437,49439,49440,49441,49442,49443,49447,49449,49450,49453,49456,
49458,49461,49465,49470,49472,49475,49476,49482,49483,49487,49489,49490,49491,49493,49495,
49496,49498,49515,49545,49550,49551,49553,49557,49558,49672,49673,49674,49704,49708,49710,
49712,49714,49716,49719,49720,49723,49726,49727,49735,49736,49737,49738,49739,49740,49741,
49745,49746,49748,49749,49752,49768,49769,49772,49774,49775,49776,49777,49778,49779,49793,
49794,49795,49796,49798,49799,49815,49816,49817,49818,49820,49822,49823,49840,49841,49843,
49844,49845,49846,49849,49853,49854,49855,49856,49857,49863,49867,49950,49960,49996,50017,
50031,50032,50096,50097,50098,50099,50130,50131,50132,50133,50140,50142,50146,50147,50158,
50160,50162,50176,50177,50179,50180,50181,50182,50184,50185,50187,50188,50189,50190,50191,
50195,50222,50224,50227,50229,50233,50234,50235,50243,50246,50292,50295,50296,50299,50300,
50359,50362,50364,50397,50398,50399,50402,50404,50405,50417,50420,50495,50499,50501,50505,
50508,50511,50512,50629,50666,50673,50675,50682,50685,50686,50687,50688,50691,50758,50791,
50792,50793,50797,50802,50811,50812,50813,50816,50820,50821,50863,50864,50868,50869,50870,
50871,50873,50874,50876,50877,50881,50882,50885,50917,50924,50925,50926,50936,50940,51027,
51048,51049,51052,51053,51076,51079,51086,51088,51089,51092,51094,51097,51098,51109,51122,
51124,51125,51143,51163,51166,51167,51197,51198,51199,51200,51261,51285,51294,51309,51321,
51325,51326,51327,51328,51329,51331,51332,51333,51346,51358,51362,51363,51364,51369,51377,
51383,51392,51395,51402,51403,51405,51409,51410,51412,51431,51470,51471,51473,51476,51477,
51478,51497,51514,51515,51516,51517,51525,51526,51527,51542,51544,51546,51547,51588,51595,
51622,51623,51625,51636,51638,51640,51641,51642,51645,51705,51710,51777,51778,51779,51780,
51781,51806,51808,51814,51815,51827,51828,51832,51835,51858,51859,51860,51861,51869,51870,
51872,51908,51915,51946,51947,51948,51949,51955,51956,51957,51959,51960,51961,51963,51965,
51966,51973,51975,51976,51977,51979,51980,51981,51982,51983,51984,51985,51986,51987,51988,
51989,51990,51991,51994,51995,51996,51997,51999,52000,52001,52002,52004,52005,52006,52007,
52008,52014,52015,52016,52018,52022,52023,52026,52028,52029,52030,52031,52032,52035,52036,
52037,52039,52040,52041,52042,52043,52044,52045,52046,52047,52055,52057,52062,52063,52068,
52069,52070,52072,52074,52076,52079,52080,52081,52083,52084,52087,52091,52094,52095,52096,
52097,52098,52099,52100,52101,52102,52103,52104,52107,52108,52109,52111,52112,52114,52163,
52171,52175,52176,52177,52178,52243,52244,52245,52246,52248,52327,52328,52390,52425,52427,
52428,52429,52430,52431,52433,52434,52435,52436,52439,52442,52444,52456,52457,52458,52459,
52460,52461,52462,52463,52465,52466,52467,52470,52474,52475,52476,52483,52489,52492,52494,
52495,52496,52498,52501,52502,52503,52504,52505,52508,52512,52513,52514,52515,52516,52517,
52518,52519,52520,52521,52522,52523,52524,52525,52527,52531,52532,52533,52541,52542,52544,
52545,52546,52549,52550,52553,52560,52565,52567,52568,52572,52573,52574,52576,52577,52578,
52581,52582,52583,52584,52585,52586,52587,52588,52589,52590,52593,52594,52595,52597,52598,
52600,52601,52602,52603,52604,52605,52606,52607,52608,52609,52610,52612,52613,52614,52615,
52616,52617,52618,52621,52623,52624,52630,52631,52635,52637,52643,52645,52646,52652,52654,
52656,52657,52658,52660,52661,52665,52666,52669,52670,52671,52674,52675,52678,52679,52681,
52682,52683,52688,52690,52691,52692,52693,52694,52700,52701,52702,52703,52704,52708,52709,
52711,52712,52714,52716,52719,52724,52726,52728,52730,52731,52732,52733,52739,52744,52747,
52753,52756,52758,52765,52769,52772,52775,52776,52779,52780,52781,52782,52783,52784,52785,
52792,52793,52794,52795,52796,52797,52802,52803,52804,52808,52809,52810,52811,52812,52813,
52814,52815,52816,52817,52818,52835,52836,52838,52839,52840,52841,52842,52857,52918,52920,
52922,52923,52967,52983,52988,52990,52993,52995,53000,53001,53020,53021,53022,53024,53028,
53030,53055,53057,53058,53061,53206,53207,53208,53224,53226,53227,53228,53229,53233,53303,
53306,53317,53357,53359,53366,53381,53382,53386,53387,53389,53557,53604,53608,53609,53610,
53611,53658,53659,53660,53661,53662,53664,53665,53671,53672,53673,53674,53675,53680,53683,
53686,53688,53690,53716,53719,53720,53722,53723,53724,53725,53728,53766,53767,53768,53770,
53771,53792,53795,53796,53803,53805,53806,53807,53810,53812,53874,53878,54231,54240,54241,
54242,54343,54344,54345,54346,54352,54353,54354,54357,54391,54392,54395,54396,54553,54554,
54557,54562,54564,54565,54604,54605,54607,54608,54624,54626,54627,54630,54632,54633,54634,
54636,54637,54642,54643,54644,54649,54650,54652,54654,54693,54695,54700,54701,54730,54731,
54732,54733,54740,54741,54742,54743,54744,54745,54746,54747,54749,54750,54755,54841,54887,
54888,54891,54893,54900,54903,54905,54907,54909,54936,54943,54952,54953,54955,54959,54965,
54967,54982,54984,55065,55068,55072,55083,55179,55190,55191,55244,55245,55247,55248,55264,
55265,55274,55279,55280,55281,55282,55319,55321,55324,55325,55326,55327,55328,55329,55330,
55331,55332,55333,55334,55335,55336,55337,55338,55339,55340,55341,55342,55343,55344,55345,
55346,55347,55349,55350,55360,55363,55368,55370,55380,55381,55382,55383,55384,55385,55386,
55387,55388,55389,55390,55391,55392,55399,55400,55401,55402,55403,55405,55406,55408,55409,
55410,55412,55415,55416,55419,55423,55426,55427,55428,55430,55431,55439,55440,55442,55443,
55446,55447,55449,55450,55451,55452,55454,55455,55457,55466,55467,55469,55471,55472,55473,
55475,55478,55480,55481,55520,55525,55526,55527,55566,55568,55571,55575,55578,55579,55580,
55582,55583,55600,55601,55602,55603,55604,55606,55637,55642,55657,55681,55682,55683,55685,
55686,55687,55688,55732,55733,55734,55735,55736,55737,55752,55754,55757,55759,55760,55763,
55765,55768,55770,55774,55776,55777,55778,55779,55781,55784,55786,55787,55788,55789,55794,
55799,55800,55802,55803,55804,55805,55806,55807,55808,55810,55811,55816,55818,55819,55821,
55822,55824,55829,55830,55831,55832,55836,55837,55838,55839,55840,55841,55842,55843,55844,
55845,55846,55847,55851,55854,55855,55858,55859,55861,55862,55865,55866,55868,55872,55874,
55875,55878,55881,55882,55883,55884,55885,55889,55890,55891,55892,55893,55894,55898,55901,
55902,55903,55908,55913,55914,55915,55916,55920,55923,55924,55927,55929,55930,55931,55932,
55934,55936,55940,55941,55942,55943,55944,55945,55946,55948,55953,55955,55957,55960,55962,
55963,55964,55971,55972,55974,55975,55977,55979,55980,55983,55985,55986,55992,55998,55999,
56001,56002,56003,56007,56008,56015,56016,56019,56020,56022,56023,56028,56031,56032,56037,
56040,56047,56048,56049,56050,56051,56052,56057,56058,56059,56060,56062,56063,56064,56065,
56066,56077,56080,56102,56104,56110,56112,56116,56117,56119,56125,56141,56142,56143,56145,
56149,56167,56168,56169,56170,56171,56173,56174,56208,56221,56316,56324,56326,56327,56364,
56370,56373,56374,56375,56381,56382,56384,56386,56387,56413,56414,56415,56420,56422,56423,
56426,56427,56429,56430,56446,56448,56464,56465,56467,56468,56504,56505,56506,56507,56508,
56509,56511,56541,56574,56576,56578,56581,56585,56588,56591,56592,56606,56610,56628,56629,
56630,56633,56644,56661,56662,56663,56665,56666,56667,56769,56771,56774,56775,56776,56778,
56793,56794,56799,56812,56835,56849,56850,56851,56852,56853,56856,56857,56859,56861,56862,
56863,56869,56872,56873,56897,56905,56915,56921,56947,57436,57441,57443,57449,57450,57451,
57452,57454,57471,57477,57478,57479,57482,57485,57515,57517,57518,57519,57526,57527,57528,
57529,57530,57531,57532,57533,57534,57563,57588,57589,57590,57592,57595,57598,57599,57611,
57613,57616,57617,57618,57621,57623,57670,57671,57807,57808,57809,57810,57811,57812,57817,
57888,57889,57892,57895,57898,57899,57900,57901,57911,57927,58077,58079,58080,58092,58119,
58120,58125,58127,58133,58135,58136,58137,58144,58153,58154,58160,58168,58180,58182,58183,
58185,58186,58192,58240,58247,58248,58250,58254,58257,58259,58260,58262,58264,58276,58280,
58281,58282,58283,58286,58322,58324,58325,58326,58327,58331,58332,58334,58335,58338,58339,
58340,58341,58342,58345,58346,58347,58348,58349,58352,58353,58357,58358,58359,58360,58361,
58362,58363,58364,58365,58366,58369,58370,58376,58377,58378,58379,58380,58381,58382,58385,
58386,58387,58390,58391,58392,58393,58396,58407,58408,58412,58413,58414,58415,58418,58419,
58420,58421,58422,58423,58424,58425,58426,58427,58429,58430,58431,58432,58433,58437,58438,
58439,58440,58441,58443,58444,58445,58446,58448,58449,58450,58452,58453,58454,58455,58456,
58457,58463,58465,58467,58468,58469,58516,58553,58554,58556,58558,58560,58561,58562,58627,
58654,58676,58677,58678,58679,58681,58682,58683,58685,58687,58688,58707,58708,58709,58714,
58715,58766,58767,58768,58771,58772,58773,58774,58775,58776,58777,58779,58791,58792,58793,
58794,58795,58796,58797,58799,58800,58812,58838,58839,58841,58851,58854,58855,58859,58863,
58864,58866,58867,58868,58872,58873,58874,58875,58876,58877,58883,58884,58885,58886,58887,
58891,58892,58893,58896,58897,58898,58899,58900,58902,58905,58906,58909,58910,58914,58919,
58921,58922,58927,58929,58932,58933,58945,58947,58954,58957,58958,58959,58960,58963,58966,
58969,58970,58971,58973,58974,58976,58977,58981,58984,58988,58989,58991,58992,58993,58995,
58996,58997,58998,58999,59000,59001,59002,59003,59004,59006,59007,59008,59009,59010,59011,
59012,59013,59014,59015,59016,59017,59019,59024,59025,59027,59035,59042,59043,59044,59045,
59046,59048,59049,59057,59069,59070,59071,59072,59073,59074,59093,59094,59095,59097,59103,
59108,59110,59125,59126,59127,59130,59131,59141,59143,59144,59172,59174,59175,59176,59177,
59197,59198,59199,59205,59206,59319,59321,59323,59327,59332,59443,59445,59451,59452,59453,
59454,59497,59500,59503,59505,59506,59508,59510,59511,59512,59519,59520,59521,59523,59529,
59537,59559,59560,59566,59567,59569,59653,59654,59656,59658,59664,59666,59723,59724,59725,
59726,59728,59729,59732,59734,59739,59771,59772,59773,59774,59775,59776,59777,59778,59779,
59780,59781,59782,59783,59835,59838,59849,59861,59880,59883,59886,59887,60059,60068,60069,
60071,60073,60103,60104,60107,60111,60112,60117,60120,60123,60145,60321,60326,60330,60331,
60335,60336,60337,60338,60343,60344,60345,60347,60350,60351,60369,60370,60372,60373,60378,
60379,60381,60426,60427,60428,60430,60431,60437,60438,60439,60446,60529,60530,60553,60554,
60556,60557,60559,60560,60562,60644,60645,60646,60647,60650,60651,60674,60676,60677,60678,
60685,60686,60689,60690,60694,60711,60713,60715,60716,60717,60718,60728,60729,60730,60731,
60737,60742,60784,60810,60814,60818,60819,60820,60828,60862,60866,60869,60873,60875,60876,
60877,60903,60939,60993,60994,60995,60996,60999,61000,61063,61073,61084,61085,61087,61088,
61089,61090,61092,61100,61108,61109,61110,61111,61114,61115,61117,61124,61125,61126,61130,
61132,61134,61135,61136,61137,61139,61142,61145,61147,61148,61151,61238,61239,61240,61241,
61242,61244,61247,61258,61261,61262,61263,61264,61265,61266,61269,61270,61272,61273,61294,
61296,61298,61299,61300,61301,61334,61335,61336,61337,61338,61340,61371,61372,61373,61374,
61375,61394,61395,61396,61397,61398,61400,61401,61406,61408,61409,61411,61414,61420,61421,
61422,61423,61426,61427,61428,61429,61430,61431,61432,61433,61434,61435,61436,61437,61438,
61439,61441,61442,61450,61458,61466,61467,61468,61469,61470,61471,61472,61473,61474,61475,
61476,61477,61478,61479,61480,61481,61482,61484,61488,61491,61492,61493,61499,61500,61501,
61503,61504,61505,61506,61507,61508,61509,61510,61511,61512,61513,61514,61515,61516,61517,
61518,61519,61520,61521,61522,61523,61524,61525,61528,61529,61535,61539,61542,61547,61551,
61554,61555,61556,61557,61558,61559,61560,61561,61562,61563,61564,61565,61566,61567,61568,
61571,61572,61573,61574,61575,61582,61586,61587,61588,61597,61605,61606,61611,61612,61613,
61618,61619,61620,61621,61623,61624,61625,61626,61628,61629,61630,61631,61632,61633,61635,
61636,61637,61642,61644,61645,61646,61647,61659,61662,61665,61669,61670,61671,61672,61678,
61679,61680,61681,61682,61683,61684,61685,61686,61687,61688,61689,61690,61691,61692,61693,
61694,61695,61697,61698,61699,61724,61936,61937,61938,61939,61941,61942,61962,62000,62021,
62022,62031,62034,62038,62084,62085,62090,62092,62095,62164,62173,62178,62181,62199,62215,
62219,62220,62240,62242,62245,62247,62248,62249,62318,62319,62320,62321,62323,62327,62333,
62334,62345,62346,62347,62349,62354,62434,62473,62474,62476,62477,62478,62526,62527,62528,
62529,62548,62549,62550,62551,62554,62556,62557,62558,62612,62629,62630,62631,62633,62635,
62636,62642,62645,62647,62648,62651,62652,62740,62742,62745,62748,62749,62750,62773,62774,
62777,62778,62779,62780,62783,62870,62872,62873,62877,62878,62884,62887,62931,62933,62934,
62935,62937,62938,62943,62957,62966,62978,62986,63046,63047,63048,63050,63051,63054,63055,
63056,63057,63058,63059,63060,63061,63064,63065,63066,63067,63068,63096,63097,63098,63101,
63102,63103,63127,63128,63173,63174,63180,63182,63248,63249,63251,63253,63257,63282,63283,
63321,63322,63325,63333,63336,63337,63338,63339,63342,63349,63362,63363,63364,63399,63425,
63432,63433,63434,63438,63440,63441,63484,63488,63489,63500,63510,63511,63514,63519,63523,
63525,63534,63537,63538,63539,63542,63543,63545,63548,63550,63552,63553,63554,63555,63559,
63560,63561,63562,63563,63564,63569,63573,63574,63584,63585,63586,63587,63588,63589,63590,
63591,63593,63711,63712,63713,63714,63718,63719,63721,63723,63724,63726,63730,63733,63736,
63737,63738,63739,63740,63741,63742,63743,63746,63747,63749,63750,63751,63752,63753,63761,
63762,63763,63764,63765,63766,63767,63768,63769,63770,63771,63772,63773,63774,63775,63776,
63777,63778,63779,63780,63785,63786,63787,63788,63789,63790,63791,63792,63793,63794,63795,
63796,63797,63798,63799,63800,63801,63802,63803,63804,63805,63806,63807,63808,63809,63815,
63816,63823,63824,63825,63826,63827,63828,63831,63832,63833,63835,63837,63841,63844,63845,
63847,63848,63849,63850,63851,63852,63853,63854,63855,63856,63857,63858,63859,63860,63862,
63863,63864,63866,63867,63868,63869,63870,63871,63873,63874,63875,63877,63878,63879,63880,
63884,63885,63886,63889,63890,63891,63892,63895,63896,63897,63898,63900,63901,63902,63903,
63904,63905,63906,63907,63908,63909,63910,63911,63912,63913,63914,63915,63916,63917,63918,
63919,63920,63921,63923,63924,63925,63926,63927,63928,63929,63930,63931,63932,63933,63934,
63935,63936,63937,63938,63939,63940,63941,63942,63943,63944,63945,63946,63947,63948,63949,
63950,63951,63952,63953,63956,63960,63961,63967,63969,63970,63971,63972,63973,63974,63975,
63976,63978,63979,63984,63985,63987,63988,63989,63990,63992,63996,63998,64000,64037,64038,
64047,64048,64049,64052,64053,64055,64056,64082,64083,64115,64117,64118,64119,64123,64236,
64241,64243,64251,64253,64254,64255,64256,64259,64260,64261,64262,64263,64264,64265,64266,
64278,64280,64281,64282,64283,64284,64291,64295,64312,64317,64318,64321,64322,64324,64327,
64328,64329,64330,64332,64381,64387,64388,64389,64391,64396,64398,64399,64400,64401,64403,
64406,64437,64438,64439,64440,64441,64443,64444,64451,64452,64453,64457,64458,64459,64460,
64461,64462,64463,64467,64472,64516,64517,64521,64522,64523,64526,64527,64529,64530,64531,
64537,64538,64540,64545,64549,64550,64551,64552,64555,64556,64558,64559,64560,64563,64564,
64569,64570,64578,64579,64581,64582,64583,64645,64646,64651,64653,64657,64659,64660,64661,
64663,64665,64676,64677,64678,64681,64684,64685,64691,64692,64693,64694,64695,64696,64697,
64700,64704,64708,64713,64714,64715,64717,64726,64728,64732,64733,64734,64766,64767,64768,
64769,64770,64771,64772,64789,64790,64791,64792,64794,64802,64810,64813,64815,64817,64818,
64824,64825,64832,64833,64834,64866,64867,64868,64872,64874,64876,64877,64878,64917,64918,
64919,64920,64921,65001,65003,65004,65006,65007,65009,65010,65011,65013,65014,65019,65020,
65025,65026,65027,65032,65035,65070,65071,65073,65077,65111,65112,65113,65114,65115,65116,
65118,65119,65120,65123,65124,65125,65145,65150,65152,65154,65189,65190,65191,65192,65193,
65197,65198,65199,65200,65201,65202,65210,65213,65215,65216,65224,65226,65227,65256,65257,
65259,65263,65288,65290,65291,65296,65297,65298,65299,65307,65309,65314,65317,65319,65321,
65324,65343,65344,65345,65346,65347,65348,65349,65350,65351,65352,65357,65358,65359,65371,
65373,65376,65378,65379,65380,65382,65415,65417,65418,65424,65426,65427,65431,65446,65447,
65448,65453,65458,65459,65460,65461,65462,65463,65466,65470,65473,65478,65480,65481,65482,
65484,65486,65488,65489,65490,65491,65492,65496,65497,65500,65502,65504,65505,65507,65508,
65509,65510,65512,65517,65519,65530,65532,65533,65534,65535,65536,65538,65539,65544,65545,
65546,65548,65549,65550,65551,65560,65562,65568,65569,65570,65605,65607,65608,65609,65610,
65611,65625,65626,65629,65630,65631,65651,65653,65655,65656,65657,65709,65710,65711,65713,
65714,65715,65716,65717,65718,65719,65720,65721,65722,65723,65724,65726,65730,65731,65732,
65734,65735,65736,65745,65746,65747,65751,65754,65756,65757,65761,65762,65766,65767,65768,
65769,65772,65773,65774,65779,65791,65792,65793,65794,65795,65796,65797,65798,65799,65800,
65801,65802,65803,65804,65805,65806,65807,65808,65809,65811,65816,65818,65819,65821,65825,
65826,65831,65832,65833,65834,65835,65836,65837,65845,65854,65857,65858,65859,65860,65861,
65862,65863,65864,65865,65866,65867,65868,65873,65874,65878,65879,65880,65881,65882,65884,
65885,65887,65888,65889,65891,65894,65895,65896,65898,65899,65900,65901,65904,65905,65906,
65908,65909,65910,65911,65912,65913,65915,65916,65917,65919,65920,65922,65924,65925,65926,
65927,65928,65929,65930,65931,65932,65933,65934,65935,65936,65937,65938,65939,65940,65941,
65942,65943,65944,65945,65946,65947,65948,65949,65950,65951,65952,65953,65954,65955,65956,
65957,65958,65959,65960,65961,65962,65963,65964,65965,65966,65967,65968,65969,65970,65971,
65972,65984,65985,65986,65987,65988,65989,65990,65994,65996,65997,66001,66004,66009,66010,
66037,66038,66041,66042,66045,66047,66050,66051,66052,66053,66063,66064,66065,66066,66122,
66123,66126,66127,66128,66132,66140,66180,66186,66221,66225,66231,66232,66235,66236,66237,
66239,66240,66242,66244,66246,66247,66248,66250,66251,66252,66297,66298,66301,66302,66303,
66306,66307,66308,66310,66314,66315,66316,66319,66320,66322,66326,66339,66341,66346,66347,
66348,66388,66389,66391,66413,66419,66420,66421,66423,66427,66428,66429,66432,66452,66459,
66462,66463,66465,66466,66467,66491,66534,66536,66540,66546,66549,66550,66551,66553,66555,
66556,66558,66561,66564,66568,66569,66571,66572,66604,66605,66606,66607,66608,66680,66682,
66683,66684,66685,66687,66688,66717,66719,66720,66723,66724,66726,66727,66728,66731,66732,
66733,66753,66754,66755,66760,66761,66764,66820,66823,66837,66839,66840,66841,66842,66843,
66850,66851,66853,66855,66856,66857,66858,66859,66860,66862,66864,66865,66866,66905,66906,
66907,66913,66914,66916,66922,66923,66925,66926,66928,66978,66979,66980,66982,66984,66986,
66987,66988,66990,66991,66995,66996,66997,66998,66999,67000,67001,67007,67037,67052,67053,
67054,67056,67060,67076,67077,67081,67084,67086,67098,67103,67105,67107,67109,67110,67111,
67112,67113,67114,67115,67116,67117,67118,67119,67121,67122,67123,67126,67128,67139,67140,
67141,67145,67148,67149,67155,67156,67157,67159,67161,67162,67163,67164,67165,67167,67168,
67169,67171,67172,67173,67174,67177,67178,67185,67186,67189,67190,67191,67192,67232,67233,
67234,67238,67239,67240,67241,67242,67243,67245,67247,67250,67252,67253,67270,67271,67272,
67273,67274,67277,67297,67301,67302,67305,67307,67308,67309,67312,67313,67314,67315,67317,
67318,67321,67322,67323,67324,67327,67331,67333,67334,67335,67336,67338,67340,67341,67342,
67347,67348,67349,67350,67351,67352,67354,67359,67361,67362,67363,67364,67365,67368,67369,
67370,67371,67372,67373,67374,67375,67376,67378,67379,67380,67381,67390,67393,67398,67399,
67401,67402,67408,67410,67412,67418,67419,67422,67423,67424,67425,67426,67427,67428,67429,
67430,67431,67432,67433,67434,67435,67436,67437,67438,67439,67440,67444,67446,67447,67457,
67458,67467,67480,67481,67483,67484,67486,67488,67489,67492,67520,67530,67531,67533,67534,
67535,67536,67541,67542,67546,67561,67562,67568,67569,67570,67571,67575,67607,67612,67614,
67615,67620,67621,67649,67650,67651,67652,67653,67654,67675,67676,67679,67680,67681,67683,
67696,67698,67700,67703,67704,67705,67708,67711,67716,67718,67720,67721,67724,67735,67736,
67737,67739,67740,67741,67780,67787,67789,67790,67793,67794,67798,67799,67802,67803,67804,
67807,67808,67809,67811,67812,67813,67814,67815,67816,67817,67818,67822,67823,67831,67834,
67835,67837,67840,67841,67842,67859,67873,67877,67881,67883,67884,67891,67892,68017,68021,
68025,68027,68028,68029,68032,68033,68062,68079,68080,68083,68084,68085,68087,68089,68092,
68095,68096,68098,68099,68117,68118,68119,68120,68122,68123,68173,68179,68182,68185,68186,
68187,68188,68190,68191,68201,68202,68203,68204,68215,68217,68222,68225,68248,68250,68251,
68254,68255,68256,68275,68276,68281,68284,68287,68289,68291,68302,68304,68308,68310,68312,
68313,68335,68336,68337,68338,68339,68346,68353,68354,68359,68361,68363,68401,68404,68405,
68406,68409,68417,68420,68421,68423,68425,68426,68429,68455,68456,68465,68466,68467,68468,
68522,68525,68528,68529,68530,68532,68533,68536,68565,68567,68568,68569,68570,68571,68572,
68582,68583,68590,68591,68592,68602,68605,68607,68608,68609,68610,68613,68619,68620,68621,
68623,68624,68631,68633,68634,68635,68636,68641,68644,68648,68651,68655,68659,68663,68665,
68676,68677,68790,68791,68792,68793,68794,68795,68803,68804,68805,68806,68807,68808,68810,
68811,68812,68813,68814,68815,68816,68817,68818,68819,68820,68821,68822,68823,68824,68825,
68826,68827,68828,68829,68830,68831,68832,68833,68834,68835,68836,68837,68838,68839,68840,
68847,68848,68850,68851,68852,68853,68856,68857,68858,68860,68863,68865,68869,68870,68871,
68873,68875,68878,68882,68883,68887,68888,68889,68892,68894,68895,68897,68898,68899,68900,
68907,68908,68909,68910,68911,68915,68917,68918,68919,68920,68921,68922,68923,68924,68925,
68926,68927,68928,68929,68930,68931,68932,68933,68934,68938,68939,68940,68942,68948,68949,
68950,68951,68958,68959,68960,68961,68962,68963,68964,68965,68967,68971,68986,68987,68988,
68994,68995,68996,69000,69002,69003,69006,69007,69008,69009,69010,69031,69033,69036,69037,
69039,69041,69042,69047,69054,69078,69079,69080,69085,69086,69089,69091,69124,69126,69127,
69128,69129,69131,69132,69163,69169,69173,69174,69178,69179,69180,69182,69183,69186,69217,
69218,69219,69220,69221,69222,69245,69271,69279,69281,69288,69291,69294,69295,69332,69333,
69338,69339,69340,69341,69342,69382,69385,69386,69387,69388,69389,69390,69395,69396,69397,
69398,69400,69401,69402,69403,69405,69406,69407,69408,69409,69410,69411,69478,69479,69480,
69485,69487,69488,69489,69491,69494,69496,69497,69514,69522,69523,69524,69525,69528,69530,
69532,69534,69541,69589,69591,69635,69640,69686,69687,69692,69693,69697,69753,69766,69767,
69768,69769,69771,69772,69773,69774,69775,69776,69786,69787,69809,69810,69811,69813,69814,
69817,69818,69819,69823,69828,69829,69830,69831,69835,69841,69842,69844,69846,69847,69848,
69850,69892,69893,69914,69915,69916,69917,69918,69928,69931,69932,69933,69934,69935,69936,
69937,69938,69939,69940,69941,69942,69943,69944,69945,69948,69949,69950,69952,69955,69957,
69958,69959,69961,69962,69963,69965,69966,70037,70038,70040,70041,70044,70047,70048,70049,
70051,70052,70053,70054,70056,70057,70058,70060,70061,70062,70077,70078,70079,70080,70081,
70084,70089,70090,70091,70092,70094,70095,70096,70097,70098,70100,70101,70103,70104,70106,
70107,70108,70109,70110,70111,70112,70113,70114,70115,70116,70117,70118,70119,70120,70121,
70122,70123,70124,70125,70126,70127,70128,70129,70130,70131,70132,70133,70134,70135,70136,
70137,70138,70139,70140,70141,70143,70144,70145,70146,70147,70148,70149,70154,70157,70158,
70159,70160,70162,70163,70173,70174,70177,70178,70305,70308,70310,70388,70393,70394,70402,
70498,70531,70533,70535,70537,70538,70539,70543,70544,70545,70546,70564,70565,70569,70570,
70571,70573,70574,70575,70577,70578,70586,70588,70590,70591,70592,70594,70599,70632,70633,
70634,70635,70642,70676,70680,70681,70682,70683,70685,70686,70708,70710,70712,70715,70717,
70718,70719,70723,70725,70726,70728,70732,70819,70820,70821,70822,70823,70825,70827,70830,
70887,70889,70908,70910,70913,70914,70916,70917,70918,70919,70922,70923,70953,70954,70955,
70956,70959,70963,70964,70966,70967,70968,70969,71077,71079,71080,71082,71083,71084,71086,
71088,71089,71090,71122,71125,71127,71128,71129,71131,71134,71138,71139,71140,71141,71142,
71143,71144,71145,71146,71147,71148,71149,71150,71151,71152,71153,71154,71155,71158,71159,
71160,71161,71162,71163,71164,71166,71167,71168,71169,71170,71175,71178,71180,71182,71184,
71185,71186,71187,71189,71198,71199,71204,71218,71224,71258,71259,71260,71262,71263,71274,
71276,71277,71281,71283,71351,71431,71433,71435,71439,71442,71445,71446,71447,71450,71522,
71523,71525,71526,71527,71529,71530,71536,71538,71539,71540,71543,71545,71547,71549,71551,
71552,71558,71559,71561,71562,71563,71566,71567,71569,71570,71571,71572,71573,71574,71575,
71695,71697,71699,71700,71729,71732,71739,71740,71742,71743,71748,71751,71753,71757,71758,
71759,71763,71819,71820,71821,71823,71835,71836,71837,71838,71839,71840,71841,71842,71843,
71845,71846,71847,71851,71853,71854,71855,71856,71858,71859,71862,71863,71865,71870,71876,
71877,71878,71879,71880,71881,71882,71883,71884,71885,71887,71888,71889,71890,71908,71913,
71914,71917,71973,72019,72020,72021,72023,72028,72030,72036,72037,72038,72040,72042,72044,
72045,72046,72047,72048,72049,72050,72051,72052,72053,72054,72055,72056,72057,72058,72059,
72060,72061,72062,72063,72064,72065,72066,72067,72068,72069,72070,72071,72072,72073,72074,
72075,72076,72077,72078,72079,72080,72081,72082,72083,72085,72086,72088,72116,72118,72134,
72166,72171,72172,72173,72182,72183,72184,72185,72204,72205,72272,72276,72287,72290,72293,
72294,72295,72297,72300,72301,72303,72304,72305,72347,72354,72356,72359,72360,72361,72383,
72386,72390,72391,72393,72394,72396,72400,72403,72404,72406,72407,72408,72409,72581,72584,
72585,72586,72588,72589,72590,72603,72611,72612,72613,72614,72615,72619,72621,72622,72623,
72624,72625,72626,72628,72631,72632,72633,72634,72635,72636,72637,72638,72639,72640,72641,
72644,72645,72646,72647,72648,72649,72651,72654,72655,72656,72657,72658,72661,72662,72663,
72664,72665,72667,72669,72670,72675,72676,72678,72754,72755,72760,72761,72765,72766,72768,
72769,72770,72771,72772,72774,72775,72776,72777,72778,72779,72784,72785,72787,72789,72790,
72791,72794,72795,72797,72798,72799,72800,72801,72803,72810,72811,72812,72813,72814,72815,
72816,72817,72818,72820,72821,72822,72824,72825,72835,72836,72837,72838,72839,72840,72841,
72842,72844,72845,72846,72847,72848,72929,72931,72996,73005,73015,73185,73233,73235,73237,
73316,73322,73323,73324,73325,73326,73328,73330,73332,73334,73335,73338,73340,73342,73348,
73350,73351,73352,73353,73411,73413,73417,73418,73422,73423,73426,73428,73429,73430,73431,
73432,73433,73447,73478,73483,73484,73485,73488,73490,73493,73494,73497,73498,73503,73508,
73509,73522,73576,73577,73578,73583,73584,73585,73586,73588,73595,73596,73597,73599,73600,
73602,73726,73729,73730,73758,73761,73762,73765,73767,73768,73806,73810,73811,73812,73813,
73814,73815,73816,73817,73818,73819,73820,73822,73824,73825,73826,73831,73857,73858,73859,
73860,73861,73863,73919,73920,73921,73924,73927,73928,73948,73949,73951,73954,73958,73959,
73960,73964,73965,73966,73968,73969,73970,73971,73973,73974,73975,73976,73977,73978,73979,
73980,73981,73982,73983,73984,73985,73986,73987,73988,73989,73990,73991,73992,73993,73994,
73995,73996,73997,73998,73999,74002,74003,74004,74005,74043,74045,74046,74048,74049,74108,
74110,74111,74114,74115,74121,74122,74205,74208,74209,74211,74213,74214,74234,74235,74243,
74244,74246,74249,74255,74257,74260,74261,74264,74266,74292,74294,74295,74296,74310,74346,
74348,74349,74351,74352,74354,74355,74356,74357,74363,74364,74365,74366,74367,74369,74370,
74412,74420,74421,74424,74426,74428,74429,74430,74431,74432,74440,74455,74490,74492,74493,
74494,74507,74508,74522,74549,74552,74555,74557,74561,74562,74563,74635,74714,74715,74719,
74720,74721,74722,74724,74736,74737,74738,74740,74741,74743,74744,74745,74746,74747,74748,
74749,74753,74754,74755,74756,74757,74758,74759,74831,74832,74833,74834,74835,74840,74841,
74844,74847,74848,74853,74856,74857,74862,74865,74921,74922,74924,74925,74926,74928,74929,
74975,74976,74977,74978,75009,75010,75011,75013,75015,75016,75017,75018,75019,75020,75021,
75022,75024,75025,75026,75027,75028,75029,75031,75094,75095,75096,75100,75101,75102,75110,
75111,75112,75113,75114,75115,75116,75117,75118,75119,75121,75122,75123,75125,75126,75127,
75128,75129,75130,75131,75133,75134,75142,75143,75144,75145,75146,75147,75158,75159,75160,
75168,75169,75170,75185,75205,75206,75298,75299,75303,75304,75351,75356,75357,75376,75383,
75384,75385,75388,75389,75393,75394,75396,75397,75399,75400,75402,75403,75405,75410,75452,
75453,75566,75567,75568,75569,75570,75576,75577,75586,75587,75588,75589,75590,75591,75601,
75602,75603,75604,75605,75642,75643,75644,75645,75646,75647,75648,75654,75655,75657,75802,
75810,75812,75813,75814,75815,75817,75818,75819,75944,75946,75947,75949,75950,75951,75952,
75953,75980,75981,75982,75983,75984,75985,75986,75987,75988,75990,75991,75992,76041,76081,
76082,76083,76084,76085,76087,76088,76201,76202,76203,76204,76205,76215,76216,76217,76218,
76219,76220,76260,76261,76262,76322,76323,76324,76325,76326,76327,76343,76344,76345,76346,
76370,76371,76372,76373,76374,76506,76507,76508,76509,76510,76511,76512,76513,76514,76525,
76526,76527,76528,76530,76620,76621,76622,76623,76624,76693,76694,76695,76757,76758,76759,
76760,76761,76762,76763,76764,76784,76785,76786,76850,76851,76852,76853,76854,76855,76856,
76857,76858,76902,76903,76904,76905,76906,76943,76944,76945,76946,76947,76948,76949,76950,
76951,76953,76954,76955,76956,76957,76958,76959,77030,77031,77032,77033,77034,77037,77045,
77062,77072,77077,77085,77132,77144,77314,77315,77316,77317,77318,77319,77320,77407,77408,
77409,77411,77412,77413,77414,77530,77531,77532,77533,77534,77535,77536,77626,77627,77628,
77651,77669,77670,77671,77672,77674,77675,77676,77798,77799,77800,77801,77802,77803,77812,
77813,77814,77815,77816,77817,77818,77819,77820,77951,77952,77953,77954,77955,77956,78010,
78011,78012,78013,78014,78015,78016,78017,78018,78019,78020,78021,78022,78040,78041,78042,
78043,78044,78045,78046,78047,78048,78049,78050,78051,78058,78059,78060,78061,78062,78063,
78068,78069,78070,78071,78072,78221,78222,78223,78224,78225,78226,78228,78229,78230,78288,
78289,78290,78291,78292,78294,78418,78419,78421,78422,78423,78424,78425,78426,78427,78428,
78429,78430,78431,78440,78441,78442,78444,78445,78446,78447,78494,78495,78496,78497,78498,
78499,78525,78526,78527,78528,78529,78530,78531,78532,78677,78678,78679,78680,78681,78682,
78684,78685,78686,78687,78710,78711,78712,78713,78714,78715,78716,78717,78718,78719,78763,
78764,78765,78766,78767,78768,78770,78771,78772,78773,78775,78852,78853,78854,78855,78856,
78857,78963,78964,78965,78966,78967,78968,78969,78970,78972,78973,79049,79050,79051,79052,
79053,79055,79056,79057,79075,79076,79077,79078,79208,79209,79210,79211,79212,79213,79215,
79216,79219,79220,79221,79222,79223,79224,79225,79226,79227,79228,79414,79450,79451,79452,
79453,79454,79455,79456,79470,79471,79472,79474,79475,79478,79501,79502,79503,79504,79505,
79506,79507,79562,79563,79564,79565,79566,79568,79569,79570,79571,79648,79649,79650,79651,
79732,79733,79763,79895,79896,79897,79898,79899,79900,79901,79902,79903,79951,79952,79953,
79954,79955,79956,79957,80022,80023,80024,80025,80026,80027,80028,80050,80051,80052,80166,
80167,80168,80169,80172,80601,80602,80603,80604,80605,80624,80625,80626,80627,80628,80629,
80630,80666,80667,80668,80669,80670,80671,80672,80673,80766,80767,80768,80769,80770,80771,
80772,81083,81084,81085,81086,81087,81088,81089,81090,81091,81116,81117,81118,81209,81211,
81212,81213,81230,81231,81232,81233,81234,81235,81236,81305,81306,81307,81308,81309,81310,
81313,81314,81315,81328,81329,81330,81369,81370,81371,81373,81374,81375,81381,81531,81560,
81561,81562,81563,81564,81565,81566,81567,81568,81609,81610,81611,81612,81613,81614,81615,
81616,81645,81696,81697,81888,81889,81890,81891,81892,82061,82062,82063,82065,82066,82067,
82068,82069,82204,82205,82206,82330,82331,82332,82333,82334,82335,82336,82337,82338,82339,
82340,82372,82373,82374,82375,82376,82377,82378,82379,82380,82381,82383,82384,82385,82458,
82459,82460,82461,82462,82464,82465,82568,82602,82609,82626,82639,82670,82671,82707,82722,
82723,82724,82725,82726,82729,82850,82851,82852,82853,82854,82855,82856,82857,82886,82889,
82890,82895,82957,82970,82971,82972,82973,82997,83004,83005,83006,83007,83008,83009,83010,
83011,83012,83013,83014,83015,83016,83017,83022,83023,83046,83047,83048,83049,83050,83051,
83052,83053,83054,83103,83104,83105,83106,83107,83108,83109,83282,83283,83284,83285,83328,
83329,83330,83331,83332,83333,83334,83336,83337,83338,83339,83340,83341,83342,83343,83344,
83345,83346,83503,83581,83661,83662,83673,83683,83692,83702,83715,83733,83734,83735,83736,
83737,83738,83739,83861,83862,83863,83864,83866,83867,83868,83904,83905,83906,83934,83935,
83936,83937,83938,83939,83973,83975,83976,83977,83978,83979,83980,83981,83982,83983,83984,
83985,84005,84006,84007,84082,84083,84084,84085,84086,84087,84148,84227,84228,84229,84230,
84258,84259,84260,84261,84262,84263,84264,84265,84289,84290,84291,84292,84293,84294,84295,
84296,84297,84298,84354,84355,84356,84357,84359,84360,84429,84430,84431,84432,84433,84434,
84453,84455,84462,84463,84464,84465,84466,84467,84468,84469,84470,84471,84513,84598,84599,
84600,84601,84602,84603,84678,84680,84681,84682,84684,84719,84721,84722,84723,84838,84839,
84840,84841,84842,84843,84844,84854,84855,84856,84857,84858,84859,84860,84861,84915,84924,
84925,84926,84938,84947,84982,84992,84995,84998,85023,85025,85055,85056,85057,85058,85060,
85061,85062,85063,85064,85066,85077,85079,85082,85155,85156,85157,85158,85162,85163,85164,
85165,85166,85167,85168,85169,85177,85178,85179,85180,85182,85191,85192,85193,85194,85195,
85196,85197,85232,85233,85234,85235,85236,85237,85238,85239,85240,85241,85242,85243,85244,
85245,85246,85247,85264,85265,85266,85267,85268,85269,85270,85271,85331,85332,85333,85334,
85335,85336,85508,85509,85510,85511,85512,85513,85610,85700,85701,85702,85703,85704,85705,
85706,85707,85708,85709,85863,85865,85866,85867,85868,85869,85870,85893,85908,85909,85910,
85911,85912,85913,85914,85945,85946,85947,85949,85964,85996,86053,86076,86086,86098,86111,
86114,86115,86118,86121,86161,86176,86177,86178,86179,86180,86181,86196,86197,86198,86199,
86200,86252,86255,86409,86410,86411,86412,86413,86414,86415,86416,86417,86418,86420,86428,
86430,86431,86432,86460,86461,86465,86477,86478,86479,86480,86481,86482,86483,86484,86598,
86600,86601,86605,86646,86719,86720,86721,86722,86723,86724,86765,86766,86767,86822,86823,
86824,86825,86873,86874,86875,86876,86878,86879,86899,86900,86901,86903,86904,86921,86922,
86923,86924,86935,86936,86986,86987,86991,86992,87030,87031,87033,87034,87035,87036,87065,
87066,87067,87068,87071,87128,87129,87130,87131,87132,87133,87134,87136,87235,87236,87237,
87238,87239,87240,87241,87242,87243,87244,87245,87246,87247,87248,87347,87348,87349,87351,
87353,87356,87394,87395,87396,87397,87398,87399,87400,87401,87402,87403,87487,87488,87489,
87490,87491,87492,87493,87494,87495,87496,87607,87608,87609,87610,87611,87613,87616,87621,
87623,87730,87731,87732,87734,87735,87736,87746,87747,87748,87749,87752,87753,87852,87853,
87854,87855,87856,87929,87930,87931,87932,87933,87934,87935,87936,87937,87938,87939,87963,
87964,87965,87966,88116,88117,88118,88119,88120,88121,88166,88167,88168,88169,88170,88238,
88239,88240,88275,88280,88281,88438,88440,88441,88456,88605,88606,88607,88608,88609,88610,
88611,88612,88635,88636,88637,88638,88761,88762,88763,88765,88782,88788,88790,88887,88888,
88889,88890,88891,88892,88901,88902,88903,88904,88905,88906,88907,88908,88974,88975,88976,
88977,88978,88979,88991,88992,88993,88996,88997,88998,89224,89595,89596,89597,89598,89599,
89600,89679,89680,89681,89682,89684,89685,89686,89695,89696,89697,89765,89768,89769,89770,
89771,89772,89773,89774,89775,89836,89837,89839,89840,89841,89894,89895,89896,90008,90009,
90010,90011,90012,90013,90014,90015,90016,90030,90031,90032,90033,90034,90035,90036,90043,
90044,90045,90046,90047,90048,90060,90062,90063,90065,90066,90078,90121,90122,90123,90155,
90167,90168,90169,90170,90171,90172,90174,90175,90245,90246,90247,90248,90250,90251,90284,
90285,90286,90287,90307,90309,90310,90426,90427,90428,90429,90430,90431,90432,90438,90439,
90440,90441,90442,90443,90444,90667,90669,90670,90671,90672,90673,90674,90675,90676,90677,
90678,90679,90680,90682,90683,90684,90685,90718,90719,90764,90765,90766,90767,90768,90769,
90826,90827,90828,90829,90830,90831,90833,90834,90905,90906,90907,90908,90909,90980,90981,
90982,90983,90984,91048,91049,91050,91171,91290,91365,91366,91367,91368,91369,91371,91372,
91373,91374,91500,91501,91502,91503,91504,91505,91506,91507,91529,91530,91531,91532,91533,
91534,91535,91565,91566,91567,91568,91569,91570,91571,91615,91617,91618,91639,91640,91641,
91642,91643,91644,91645,91646,91647,91682,91683,91684,91685,91686,91709,91710,91711,91712,
91713,91714,91715,91817,91818,91819,91820,91821,91822,91823,91824,91825,91826,92036,92037,
92038,92073,92074,92075,92076,92077,92078,92079,92103,92104,92105,92106,92107,92109,92121,
92122,92123,92124,92125,92151,92249,92250,92254,92255,92256,92257,92258,92259,92260,92268,
92269,92270,92271,92272,92273,92274,92305,92308,92309,92310,92313,92314,92315,92338,92339,
92341,92342,92343,92344,92410,92413,92414,92415,92445,92447,92448,92451,92480,92481,92482,
92483,92484,92492,92495,92499,92586,92587,92588,92589,92590,92591,92592,92593,92594,92671,
92673,92674,92675,92676,92677,92678,92679,92680,92681,92682,92683,92684,92841,92842,92843,
92844,92845,92846,92860,92861,92862,92863,92864,92865,92866,92867,92868,92964,92965,92967,
92968,92969,92970,92971,93044,93047,93049,93071,93076,93102,93109,93118,93133,93338,93339,
93340,93341,93342,93343,93407,93408,93409,93411,93412,93423,93424,93425,93426,93427,93428,
93429,93430,93431,93432,93433,93434,93435,93476,93477,93478,93480,93481,93482,93483,93496,
93541,93542,93543,93544,93545,93546,93547,93548,93549,93550,93559,93560,93561,93562,93563,
93564,93586,93602,93603,93604,93614,93685,93796,93797,93851,93852,93853,93854,93855,93856,
93862,93863,93864,93865,93866,93867,93983,93984,93985,93986,93987,93988,93989,93990,94034,
94035,94036,94117,94118,94119,94120,94121,94122,94129,94135,94137,94144,94148,94182,94190,
94206,94294,94295,94296,94297,94298,94299,94481,94484,94485,94486,94487,94488,94489,94490,
94515,94517,94564,94572,94654,94655,94656,94657,94659,94748,94749,94750,94751,94752,94753,
94875,94877,94878,94879,94880,94896,94897,94898,94899,94900,94901,94902,94903,94904,94957,
94958,94960,94961,95147,95148,95149,95150,95151,95152,95153,95154,95155,95156,95251,95252,
95253,95255,95256,95265,95266,95267,95268,95269,95270,95271,95272,95273,95274,95275,95276,
95277,95332,95333,95334,95335,95336,95337,95386,95387,95388,95389,95391,95392,95393,95423,
95424,95425,95426,95427,95428,95463,95465,95466,95467,95500,95501,95502,95503,95504,95505,
95506,95531,95532,95533,95534,95535,95536,95537,95538,95634,95635,95636,95637,95638,95640,
95641,95642,95671,95672,95674,95675,95676,95677,95678,95714,95773,95778,95779,95780,95781,
95839,95919,95920,95921,95922,95923,95924,95925,95926,95950,96016,96019,96062,96063,96081,
96082,96083,96084,96085,96086,96087,96195,96196,96197,96198,96199,96200,96201,96202,96203,
96204,96231,96232,96233,96234,96235,96236,96237,96291,96292,96294,96295,96297,96323,96324,
96325,96326,96327,96328,96329,96330,96331,96389,96391,96395,96397,96398,96400,96539,96540,
96541,96542,96543,96544,96545,96546,96547,96548,96659,96660,96661,96695,96696,96697,96698,
96699,96700,96962,96963,96964,96965,96966,96967,96968,96969,97143,97145,97146,97152,97253,
97255,97256
END_

! ----------------------------------------------------------------
!
!
! Design Response: MinimizeMass_DResp
!
DRESP
  ID_NAME = MinimizeMass_DResp
  LIST = NO_LIST
  DEF_TYPE = SYSTEM
  EL_GROUP = ALL_ELEMENTS
  TYPE = WEIGHT
  GROUP_OPER = SUM
END_

! ----------------------------------------------------------------
!
! Design Response: Stress_DResp_1
!
DRESP
  ID_NAME = Stress_DResp_1
  LIST = NO_LIST
  DEF_TYPE = SYSTEM
  EL_GROUP = ALL_ELEMENTS
  TYPE = SIG_TOPO_MISES
  GROUP_OPER = MAX
  LC_SET = STATIC, 1, ALL, MAX
END_

! ----------------------------------------------------------------
!
!
! Design Area: Task1_DESIGN_AREA
!
DV_TOPO
  ID_NAME = Task1_DESIGN_AREA
  EL_GROUP = ALL_ELEMENTS
END_

! ----------------------------------------------------------------
!
! Objective Function: MinimizeMass_Obj_Func
!
OBJ_FUNC
  ID_NAME = MinimizeMass_Obj_Func
  DRESP = MinimizeMass_DResp, 1.0
  TARGET = MIN
END_

! ----------------------------------------------------------------
!
! Constraint: Stress_Constraint_1
!
CONSTRAINT
  ID_NAME = Stress_Constraint_1
  DRESP = Stress_DResp_1
  MAGNITUDE = ABS
  LE_VALUE = 2e+07
END_

! ----------------------------------------------------------------
!
! Geometric Restriction: Frozen_ManufacConstraint_2
!
DVCON_TOPO
  ID_NAME = Frozen_ManufacConstraint_2
  EL_GROUP = FROZEN_AREA_ELEMS_GRP_1
  CHECK_TYPE = FROZEN
END_

! ----------------------------------------------------------------
!
! Geometric Restriction: Frozen_ManufacConstraint_3
!
DVCON_TOPO
  ID_NAME = Frozen_ManufacConstraint_3
  EL_GROUP = FROZEN_AREA_ELEMS_GRP_2
  CHECK_TYPE = FROZEN
END_

! ----------------------------------------------------------------
!
! Geometric Restriction: Frozen_ManufacConstraint_4
!
DVCON_TOPO
  ID_NAME = Frozen_ManufacConstraint_4
  EL_GROUP = FROZEN_AREA_ELEMS_GRP_3
  CHECK_TYPE = FROZEN
END_

! ----------------------------------------------------------------
!
!
! Optimize: OPTIMIZE_1_TOPOLOGY_OPTIMIZATION_CONTROLLER 
!
OPTIMIZE
  ID_NAME = OPTIMIZE_1_TOPOLOGY_OPTIMIZATION_SENSITIVITY
  DV = Task1_DESIGN_AREA
  OBJ_FUNC = MinimizeMass_Obj_Func
  DVCON = Frozen_ManufacConstraint_2
  DVCON = Frozen_ManufacConstraint_3
  DVCON = Frozen_ManufacConstraint_4
  CONSTRAINT = Stress_Constraint_1
  STRATEGY = TOPO_SENSITIVITY
END_

OPT_PARAM
  ID_NAME = OPTIMIZE_1_TOPOLOGY_OPTIMIZATION_SENSITIVITY_OPT_PARAM_
  OPTIMIZE = OPTIMIZE_1_TOPOLOGY_OPTIMIZATION_SENSITIVITY
  DV_UPDATE_STRATEGY = CSA
  STABILIZATION = YES
  AUTO_FROZEN = BOTH
  AUTO_FROZEN_CON = BOTH
  STOP_CRITERION_LEVEL = BOTH
  STOP_CRITERION_OBJ = 0.001
  STOP_CRITERION_DENSITY = 0.005
END_

STOP
  ID_NAME = Task-1_GLOBAL_STOP_CONDITION_
  ITER_MAX = 80
END_

